id,uuid,observed_on_string,observed_on,time_observed_at,time_zone,user_id,user_login,user_name,created_at,updated_at,quality_grade,license,url,image_url,sound_url,tag_list,description,num_identification_agreements,num_identification_disagreements,captive_cultivated,oauth_application_id,place_guess,latitude,longitude,positional_accuracy,private_place_guess,private_latitude,private_longitude,public_positional_accuracy,geoprivacy,taxon_geoprivacy,coordinates_obscured,positioning_method,positioning_device,species_guess,scientific_name,common_name,iconic_taxon_name,taxon_id
371102,66f87c17-f996-45b2-8315-864f63735531,2006-01-16,2006-01-16,,Central Time (US & Canada),9706,greglasley,Greg Lasley,2013-08-20 11:50:49 UTC,2016-10-27 11:50:22 UTC,research,CC-BY-NC,http://www.inaturalist.org/observations/371102,https://inaturalist-open-data.s3.amazonaws.com/photos/463967/medium.jpg,,"","Orange Emperor
Anax speratus
female-ovipositing
Blyde River Canyon Reserve
Mpumalanga Province,
South Africa
16 January 2006",3,0,false,,"Blyde River Canyon, Mpumalanga Province, South Africae",-24.591944,30.809167,3946,,,,3946,,open,false,,,Orange Emperor,Anax speratus,Orange Emperor,Insecta,94049
7101368,cb24d9bd-eb21-4678-ad0d-c21da4885e51,2006/11/29 12:57 PM SAST,2006-11-29,2006-11-29 10:57:00 UTC,Africa/Johannesburg,140956,markuslilje,markus lilje,2017-07-18 12:42:25 UTC,2017-07-21 16:42:25 UTC,research,CC-BY-NC-ND,https://www.inaturalist.org/observations/7101368,https://inaturalist-open-data.s3.amazonaws.com/photos/9128117/medium.jpg,,"",,1,0,false,,"West Coast DC, South Africa",-32.628744382,19.094569142,2200,,,,2200,,open,false,,,Orange Emperor,Anax speratus,Orange Emperor,Insecta,94049
9876264,b684a35f-3274-47ad-b0c9-15fd1efcd205,2018/02/10 8:48 AM SAST,2018-02-10,2018-02-10 06:48:00 UTC,Africa/Johannesburg,662724,bushboy,Peter Vos,2018-02-16 04:44:49 UTC,2018-02-17 03:34:10 UTC,research,CC-BY-NC,https://www.inaturalist.org/observations/9876264,https://inaturalist-open-data.s3.amazonaws.com/photos/13533546/medium.jpeg,,"",<h3>Placid Giant</h3>,2,0,false,,"Nkomba, Pennington, 4184, South Africa",-30.3753373427,30.7010069489,4,,,,4,,open,false,,,Orange Emperor,Anax speratus,Orange Emperor,Insecta,94049
9945833,3b6dbb43-ec46-4b46-9433-b1a661cc4541,2018/01/21 2:50 PM SAST,2018-01-21,2018-01-21 12:50:00 UTC,Africa/Johannesburg,689147,sstanton,sharon stanton,2018-02-21 14:39:00 UTC,2018-03-03 06:56:40 UTC,research,CC-BY-NC,https://www.inaturalist.org/observations/9945833,https://inaturalist-open-data.s3.amazonaws.com/photos/13652862/medium.jpg,,"","",3,0,false,,"Vogelgat Private Nature Reserve, South Africa",-34.4004767348,19.3154990673,15,,,,15,,open,false,,,Orange Emperor,Anax speratus,Orange Emperor,Insecta,94049
10052693,94f24825-bd7f-4e44-b2b0-88febd0ad5db,2015/11/21 10:16 PM HST,2015-11-21,2015-11-22 08:16:00 UTC,Hawaii,691032,wolfachim,Wolf-Achim and Hanna Roland,2018-03-02 08:19:51 UTC,2018-03-03 04:46:48 UTC,research,,https://www.inaturalist.org/observations/10052693,https://static.inaturalist.org/photos/13836290/medium.jpg,,"",Presidentrus; Photo and ID by Hanna Roland,3,0,false,,"Nkangala, Südafrika",-25.7451627866,29.2469597134,4272,,,,4272,,open,false,,,Orange Emperor,Anax speratus,Orange Emperor,Insecta,94049
10824418,4a449d2b-87ff-41a9-99ac-068e435daa87,2012-03-19,2012-03-19,,Africa/Johannesburg,6685442,gerhard_diedericks,Gerhard Diedericks,2012-03-27 17:33:42 UTC,2018-04-27 09:15:27 UTC,research,CC-BY-NC,https://www.inaturalist.org/observations/10824418,https://inaturalist-open-data.s3.amazonaws.com/photos/15165384/medium.jpg,,"",<h3>Anax speratus - Female - K80A-03</h3><br>Patrolling the river but hanging from a perch when it started raining,2,0,false,,"K80A-03: R102 Lottering: Cape Pines Lottering Plantation, Eastern Cape, South Africa",-33.97258,23.74731,1,,,,1,,open,false,,,Orange Emperor,Anax speratus,Orange Emperor,Insecta,94049
10848848,a57fab16-a166-4773-ae41-8fed33aa552e,2010-11-25,2010-11-25,,Africa/Johannesburg,662724,bushboy,Peter Vos,2013-02-20 06:28:40 UTC,2018-06-05 04:18:21 UTC,research,CC-BY-NC,https://www.inaturalist.org/observations/10848848,https://inaturalist-open-data.s3.amazonaws.com/photos/15215029/medium.jpg,,urban,"<h3>Orange Emperor</h3><br>Huge fellow, about 130 mm wingspan",6,0,false,,"Marion Ave, Scottburgh",-30.3012,30.7427,1,,,,1,,open,false,,,Orange Emperor,Anax speratus,Orange Emperor,Insecta,94049
10985854,e714daed-d371-4ccb-a044-fdd67c8fc31e,2014-04-09,2014-04-09,,Africa/Johannesburg,662724,bushboy,Peter Vos,2014-04-10 01:21:37 UTC,2018-07-15 11:53:46 UTC,research,CC-BY-NC,https://www.inaturalist.org/observations/10985854,https://inaturalist-open-data.s3.amazonaws.com/photos/15473907/medium.jpg,,urban,"<h3>if it^s green it must be a girl</h3><br>Large, body-length about 80mm, sunning herself = and flaunting her gorgeousness - on a handy Chrys. monilifera (Bush-Tick Berry) bush",3,0,false,,"3 Marion Ave, Scottburgh",-30.29948,30.74273,1,,,,1,,open,false,,,Orange Emperor,Anax speratus,Orange Emperor,Insecta,94049
11078040,3d5bbee8-3aab-4b3b-a3e3-3d895850d834,2014-12-19,2014-12-19,,Africa/Johannesburg,383144,tonyrebelo,Tony Rebelo,2015-04-22 01:55:52 UTC,2023-10-13 09:04:15 UTC,research,CC-BY-NC,https://www.inaturalist.org/observations/11078040,https://inaturalist-open-data.s3.amazonaws.com/photos/15638268/medium.jpg,,Cederberg Adventure 2014,<h3>Red Dragon</h3><br>,2,0,false,,Kliphuis Mountain Bike Track,-32.4723438889,19.2297583889,1,,,,1,,open,false,,,Orange Emperor,Anax speratus,Orange Emperor,Insecta,94049
11177135,2497d1ba-31e6-49a6-99f2-1e7b08bf84cc,2015-11-23,2015-11-23,,Africa/Johannesburg,691032,wolfachim,Wolf-Achim and Hanna Roland,2016-01-09 09:54:40 UTC,2018-07-15 11:46:48 UTC,research,CC-BY-NC,https://www.inaturalist.org/observations/11177135,https://static.inaturalist.org/photos/15832285/medium.jpg,,female,<h3>Anax - Presidentrus</h3><br>1st photo by Hanna Roland; male and female of this species have different coloration,2,0,false,,Olifants River Lodge,-25.7582,29.3064,1,,,,1,,open,false,,,Orange Emperor,Anax speratus,Orange Emperor,Insecta,94049
11202168,81f3310f-1c9e-4c23-8bad-43f49cbeb05c,2016-01-30,2016-01-30,,Africa/Johannesburg,689147,sstanton,sharon stanton,2016-02-02 06:32:57 UTC,2018-07-15 11:46:06 UTC,research,CC-BY-NC,https://www.inaturalist.org/observations/11202168,https://inaturalist-open-data.s3.amazonaws.com/photos/15880360/medium.jpg,,"",<h3>Orange Emperor</h3><br>Male,2,0,false,,"Palmiet River, Kogelberg Nature Reserve, South Africa",-34.32212,18.97356,1,,,,1,,open,false,,,Orange Emperor,Anax speratus,Orange Emperor,Insecta,94049
11210599,d4935418-62d7-483e-9b6b-bc2a178a5d32,2016-01-30,2016-01-30,,Africa/Johannesburg,305994,robert_taylor,Robert Taylor,2016-02-17 17:02:59 UTC,2018-04-20 12:22:57 UTC,research,CC-BY,https://www.inaturalist.org/observations/11210599,https://inaturalist-open-data.s3.amazonaws.com/photos/15898771/medium.jpg,,"","<h3>Orange Emperor</h3><br>Large and continuously flying, patrolling along small grassy stream.",1,0,false,,Pomeroy,-28.5011613,30.3716987,1,,,,1,,open,false,,,Orange Emperor,Anax speratus,Orange Emperor,Insecta,94049
11213752,23be1441-3c58-4f13-8d66-9111edbf7b63,2016-02-06,2016-02-06,,Africa/Johannesburg,305994,robert_taylor,Robert Taylor,2016-02-22 17:37:35 UTC,2018-04-20 14:09:13 UTC,research,CC-BY,https://www.inaturalist.org/observations/11213752,https://inaturalist-open-data.s3.amazonaws.com/photos/15905579/medium.jpg,,"",<h3>Big orange</h3><br>Patrolling up and down the river,1,0,false,,Tributary to the Umko,-29.7378259,29.9134192,1,,,,1,,open,false,,,Orange Emperor,Anax speratus,Orange Emperor,Insecta,94049
11297720,7bbe20ea-1416-4291-a6cb-14fd4ffd101e,2016-12-13,2016-12-13,,Africa/Johannesburg,305994,robert_taylor,Robert Taylor,2017-01-15 14:55:21 UTC,2018-04-22 01:42:42 UTC,research,CC-BY,https://www.inaturalist.org/observations/11297720,https://inaturalist-open-data.s3.amazonaws.com/photos/16073478/medium.jpg,,"",<h3>What a handsome nose</h3><br>,1,0,false,,"Unnamed Road, Melmoth",-28.582945,31.382345,1,,,,1,,open,false,,,Orange Emperor,Anax speratus,Orange Emperor,Insecta,94049
18468708,f84bde84-5d3a-4664-8ab6-2f4390e5a05a,2018/11/17 9:52 AM SAST,2018-11-17,2018-11-17 07:52:00 UTC,Africa/Johannesburg,745153,nikola_s,Nikola,2018-11-18 07:22:45 UTC,2018-11-20 14:56:44 UTC,research,CC-BY-NC,https://www.inaturalist.org/observations/18468708,https://inaturalist-open-data.s3.amazonaws.com/photos/28239076/medium.jpeg,,"","",3,0,false,,"Betty's Bay, 7141, South Africa",-34.338705038,18.94137873,122,,,,122,,open,false,,,Orange Emperor,Anax speratus,Orange Emperor,Insecta,94049
18730401,001dd940-3044-47fe-a983-97bcb8132c14,2018/11/23 7:23 AM CET,2018-11-23,2018-11-23 06:23:00 UTC,Paris,700857,rogerioferreira,Rogério Ferreira,2018-11-30 07:16:13 UTC,2019-09-06 09:38:20 UTC,research,,https://www.inaturalist.org/observations/18730401,https://static.inaturalist.org/photos/28679836/medium.jpg,,"",,3,0,false,,"Cassongue, Angola",-11.8589970295,14.9710270352,10,,,,10,,open,false,,,Orange Emperor,Anax speratus,Orange Emperor,Insecta,94049
18877390,029b4a57-d740-44b4-af11-7dc1e4b24540,2018-12-07 2:50:22 PM SAST,2018-12-07,2018-12-07 12:50:22 UTC,Africa/Johannesburg,776838,csquared,Charmaine C King,2018-12-07 13:24:32 UTC,2018-12-11 20:24:36 UTC,research,CC-BY-NC,https://www.inaturalist.org/observations/18877390,https://inaturalist-open-data.s3.amazonaws.com/photos/28925571/medium.jpeg,,"","11cm length, 13cm wingspan",3,0,false,2,"Unnamed Road, South Africa",-29.3232413384,30.2624828741,3,,,,3,,open,false,gps,gps,Orange Emperor,Anax speratus,Orange Emperor,Insecta,94049
18922521,7f91d569-7d0f-4560-bdd9-2f86ff5a870f,2018/10/31 7:13 AM CET,2018-10-31,2018-10-31 06:13:00 UTC,Paris,725800,violettederozier,Dérozier Violette,2018-12-09 18:28:30 UTC,2021-12-31 19:16:58 UTC,research,CC-BY-NC,https://www.inaturalist.org/observations/18922521,https://inaturalist-open-data.s3.amazonaws.com/photos/29004489/medium.jpeg,,"",          ,1,0,false,,"Solwezi, North-Western, Zambia",-11.8648299722,25.5553666667,,,,,,,open,false,,,Orange Emperor,Anax speratus,Orange Emperor,Insecta,94049
19081881,dfcd1159-aa94-4d4f-b997-dc36a7676dc1,2018/12/16 7:48 PM SAST,2018-12-16,2018-12-16 17:48:00 UTC,Africa/Johannesburg,689073,jouberth,Joubert Heymans,2018-12-18 07:52:47 UTC,2018-12-19 18:27:42 UTC,research,CC-BY-NC,https://www.inaturalist.org/observations/19081881,https://inaturalist-open-data.s3.amazonaws.com/photos/29278601/medium.jpg,,"",,4,0,false,,"Ehlanzeni, South Africa",-25.1348514444,30.4629058611,,,,,,,open,false,,,Orange Emperor,Anax speratus,Orange Emperor,Insecta,94049
19611619,89f92878-ad6e-4acf-a508-a12e8d57bd72,2004/02/28 3:22 PM EAT,2004-02-28,2004-02-28 12:22:00 UTC,Nairobi,30338,karisiasafaris,James Christian,2019-01-13 11:18:10 UTC,2024-12-01 02:49:54 UTC,research,CC-BY-NC,https://www.inaturalist.org/observations/19611619,https://inaturalist-open-data.s3.amazonaws.com/photos/30194769/medium.jpg,,"",,3,0,false,,"Ngurunit, Kenya",1.7362284606,37.2788891309,3478,,,,3478,,open,false,,,Orange Emperor,Anax speratus,Orange Emperor,Insecta,94049
33841981,96dcd6c5-64f6-4bd7-a04b-738d52b8ba8e,2019/10/03 2:41 PM SAST,2019-10-03,2019-10-03 12:41:00 UTC,Pretoria,1575983,rob_palmer,Rob Palmer,2019-10-04 14:32:43 UTC,2024-09-21 05:56:45 UTC,research,CC-BY,https://www.inaturalist.org/observations/33841981,https://inaturalist-open-data.s3.amazonaws.com/photos/53194144/medium.jpeg,,"",Thanks to Gerhard Diedericks for ID,1,0,false,,"Eastvaal District Council, South Africa",-25.73532,30.59696,20,,,,20,,open,false,,,Anax speratus,Anax speratus,Orange Emperor,Insecta,94049
34301910,d564283e-5733-4208-891f-55015c024ffd,2019/10/12 12:09 PM SAST,2019-10-12,2019-10-12 10:09:00 UTC,Africa/Johannesburg,2131628,johnwilkinson,John Wilkinson,2019-10-13 14:07:29 UTC,2019-10-15 06:00:10 UTC,research,CC-BY-NC,https://www.inaturalist.org/observations/34301910,https://inaturalist-open-data.s3.amazonaws.com/photos/53967117/medium.jpg,,"",,2,0,false,,"Vhembe, Limpopo, South Africa",-22.945595,29.8714183333,,,,,,,open,false,,,Orange Emperor,Anax speratus,Orange Emperor,Insecta,94049
35056812,7845d167-5658-4887-a0b4-4735a46e0bdd,2010/01/04 9:01 PM SAST,2010-01-04,2010-01-04 19:01:00 UTC,Africa/Johannesburg,2239242,erikvdl,Erik,2019-10-29 18:52:17 UTC,2019-11-01 06:36:01 UTC,research,CC-BY-NC,https://www.inaturalist.org/observations/35056812,https://inaturalist-open-data.s3.amazonaws.com/photos/55255446/medium.jpeg,,"",,2,0,false,,"West Coast DC, South Africa",-32.4417220999,19.1879441889,488,,,,488,,open,false,,,Orange Emperor,Anax speratus,Orange Emperor,Insecta,94049
36673672,9c367f94-ffdb-42d1-8f8b-6c17fe67d149,2017/01/01 1:13 AM SAST,2017-01-01,2016-12-31 23:13:00 UTC,Africa/Johannesburg,703316,botaneek,Nick Helme,2019-12-15 16:06:18 UTC,2019-12-15 21:52:31 UTC,research,CC-BY-NC,https://www.inaturalist.org/observations/36673672,https://inaturalist-open-data.s3.amazonaws.com/photos/58004885/medium.jpeg,,"",very large species,3,0,false,,Visgat river,-33.0558579347,19.2074783705,4,,,,4,,open,false,,,Orange Emperor,Anax speratus,Orange Emperor,Insecta,94049
36818108,60d47af2-0635-4065-8175-4733d5482867,2019/12/12 9:09 AM SAST,2019-12-12,2019-12-12 07:09:00 UTC,Africa/Johannesburg,2131628,johnwilkinson,John Wilkinson,2019-12-21 07:37:29 UTC,2020-01-07 09:33:59 UTC,research,CC-BY-NC,https://www.inaturalist.org/observations/36818108,https://inaturalist-open-data.s3.amazonaws.com/photos/58263519/medium.jpg,,"",,2,0,false,,"Nkangala, Mpumalanga, South Africa",-25.3631433487,29.0984150018,,,,,,,open,false,,,Orange Emperor,Anax speratus,Orange Emperor,Insecta,94049
37488785,5b9d4242-5266-43a0-930a-c533eb775411,Sat Jan 11 2020 14:53:41 GMT+0200 (GMT+2),2020-01-11,2020-01-11 12:53:41 UTC,Africa/Johannesburg,2490806,gfuchs,Dr. Günther Fuchs,2020-01-11 16:59:11 UTC,2020-06-03 14:26:14 UTC,research,CC-BY-NC,https://www.inaturalist.org/observations/37488785,https://inaturalist-open-data.s3.amazonaws.com/photos/59439927/medium.jpg,,"",,2,0,false,3,"R301, WC, ZA",-33.5686270759,19.1459259916,132,,,,132,,open,false,,,Orange Emperor,Anax speratus,Orange Emperor,Insecta,94049
37918177,51db4fff-51d4-4cec-82d7-e74fd5c778a4,2016/11/15 10:22 AM SAST,2016-11-15,2016-11-15 06:22:00 UTC,Pretoria,2517161,lappiesdragonfly,,2020-01-24 16:16:51 UTC,2021-11-24 03:11:56 UTC,research,CC-BY-NC,https://www.inaturalist.org/observations/37918177,https://inaturalist-open-data.s3.amazonaws.com/photos/60185501/medium.jpg,,"",,2,0,false,,"Sabie, 1260, South Africa",-25.0938819629,30.7678402792,61,,,,61,,open,false,,,Orange Emperor,Anax speratus,Orange Emperor,Insecta,94049
37918179,20d5a401-8add-4b5e-ada8-3e3dd389933f,2018/09/04 2:51 PM SAST,2018-09-04,2018-09-04 10:51:00 UTC,Pretoria,2517161,lappiesdragonfly,,2020-01-24 16:16:54 UTC,2021-11-24 03:11:57 UTC,research,CC-BY-NC,https://www.inaturalist.org/observations/37918179,https://inaturalist-open-data.s3.amazonaws.com/photos/60185580/medium.jpg,,"",,2,0,false,,"Ehlanzeni, South Africa",-25.0004497801,30.8159637451,122,,,,122,,open,false,,,Orange Emperor,Anax speratus,Orange Emperor,Insecta,94049
38568332,860207cc-1691-4de5-9d3a-b784f06bbb32,2020/02/12 1:15 PM SAST,2020-02-12,2020-02-12 11:15:00 UTC,Pretoria,1575983,rob_palmer,Rob Palmer,2020-02-12 13:30:47 UTC,2024-09-21 05:56:48 UTC,research,CC-BY,https://www.inaturalist.org/observations/38568332,https://inaturalist-open-data.s3.amazonaws.com/photos/61315920/medium.jpeg,,"","",1,0,false,,"Ehlanzeni, South Africa",-25.4263026367,30.7728278951,10,,,,10,,open,false,,"",Anax speratus,Anax speratus,Orange Emperor,Insecta,94049
38827130,5134e291-0c22-4274-ab74-8de10dbe675f,Wed Feb 19 2020 13:19:44 GMT+0200 (GMT+2),2020-02-19,2020-02-19 09:19:44 UTC,Pretoria,1502723,petercalverley,"",2020-02-19 11:22:16 UTC,2021-11-24 03:19:02 UTC,research,CC-BY-NC,https://www.inaturalist.org/observations/38827130,https://inaturalist-open-data.s3.amazonaws.com/photos/61766707/medium.jpg,,"",,4,0,false,3,"KZN, ZA",-28.71672,30.0628333333,,,,,,,open,false,,,Orange Emperor,Anax speratus,Orange Emperor,Insecta,94049
42222841,6b4c13f9-81c5-4113-9a7f-1776ea24682d,2020/03/07 11:03 AM SAST,2020-03-07,2020-03-07 09:03:00 UTC,Pretoria,689147,sstanton,sharon stanton,2020-04-15 08:22:33 UTC,2020-06-03 14:20:37 UTC,research,CC-BY-NC,https://www.inaturalist.org/observations/42222841,https://inaturalist-open-data.s3.amazonaws.com/photos/67029859/medium.jpg,,"",,2,0,false,,"Kogelberg Nature Reserve, near Kleinmond, South Africa",-34.3155635982,18.9623751122,61,,,,61,,open,false,,,Orange Emperor,Anax speratus,Orange Emperor,Insecta,94049
43599338,61317e56-8edf-4b33-b778-978ef0a8b280,2020-02-01 3:59:46 PM GMT+02:00,2020-02-01,2020-02-01 13:59:46 UTC,Harare,792957,sethmusker,Seth Musker,2020-04-26 12:44:46 UTC,2020-04-26 21:24:05 UTC,research,CC-BY,https://www.inaturalist.org/observations/43599338,https://inaturalist-open-data.s3.amazonaws.com/photos/69169106/medium.jpeg,,"",,3,0,false,2,"Breede Valley Municipality, South Africa",-33.6191820419,19.130117856,3,,,,3,,open,false,gps,gps,Anax speratus,Anax speratus,Orange Emperor,Insecta,94049
44464601,602688fd-36e1-49e3-96d7-e70f3960392e,2020/05/01 12:11 PM SAST,2020-05-01,2020-05-01 10:11:00 UTC,Africa/Johannesburg,2522140,phil183,Phil White,2020-05-01 12:01:14 UTC,2020-05-03 07:14:29 UTC,research,CC-BY-NC,https://www.inaturalist.org/observations/44464601,https://inaturalist-open-data.s3.amazonaws.com/photos/70499886/medium.jpeg,,"","Large dragonfly, seldom sits",3,0,false,,"Mbuluzi Game Reserve, Eswatini",-26.1564395,31.9823599,203,,,,203,,open,false,,"",Orange Emperor,Anax speratus,Orange Emperor,Insecta,94049
44954603,cbfb82b5-b1f7-48e5-b88f-58b3c7ecb48c,2009/01/24 12:39 AM SAST,2009-01-24,2009-01-23 22:39:00 UTC,Africa/Johannesburg,2852980,erwinsieben,Erwin Sieben,2020-05-05 06:55:22 UTC,2020-05-06 15:16:49 UTC,research,CC-BY-NC,https://www.inaturalist.org/observations/44954603,https://inaturalist-open-data.s3.amazonaws.com/photos/71269856/medium.jpeg,,"",,3,0,false,,"Agate Terrace, South Africa",-31.6114233935,29.5715025713,1049,,,,1049,,open,false,,,Orange Emperor,Anax speratus,Orange Emperor,Insecta,94049
45717923,9b1c5313-8e42-47ef-a387-cd61a883ff82,2017/12/29 10:43 AM SAST,2017-12-29,2017-12-29 08:43:00 UTC,Africa/Johannesburg,1667099,hhodgson,Heather and Andrew Hodgson,2020-05-12 20:50:36 UTC,2020-07-03 14:00:19 UTC,research,CC-BY-NC,https://www.inaturalist.org/observations/45717923,https://inaturalist-open-data.s3.amazonaws.com/photos/72505097/medium.jpg,,Jonkershoek Nature Reserve,Dead floating on water,2,0,false,,"Jonkershoek Nature Reserve, Stellenbosch, Cape Winelands, Western Cape, South Africa",-33.9939166667,18.9750333167,2,,,,2,,open,false,,"",Orange Emperor,Anax speratus,Orange Emperor,Insecta,94049
66092459,c2858dd1-f958-4a49-a9fe-c2371bd60987,2020/11/21 10:11 AM SAST,2020-11-21,2020-11-21 08:11:00 UTC,Pretoria,689147,sstanton,sharon stanton,2020-12-04 15:42:14 UTC,2020-12-13 07:52:17 UTC,research,CC-BY-NC,https://www.inaturalist.org/observations/66092459,https://inaturalist-open-data.s3.amazonaws.com/photos/106470756/medium.jpeg,,"",,1,0,false,,"Jonkershoek Nature Reserve, Stellenbosch,Western Cape Province, South Africa",-33.9875837882,18.961879042,122,,,,122,,open,false,,,Orange Emperor,Anax speratus,Orange Emperor,Insecta,94049
66133089,1c2e2b9d-4a63-4ffb-ad93-078d97eb0a04,2020/12/03 10:56 AM SAST,2020-12-03,2020-12-03 08:56:00 UTC,Africa/Johannesburg,3333938,robleslie,Rob Leslie,2020-12-05 11:27:07 UTC,2020-12-13 07:43:04 UTC,research,CC0,https://www.inaturalist.org/observations/66133089,https://inaturalist-open-data.s3.amazonaws.com/photos/106544159/medium.jpg,,"",,2,0,false,,"Palmiet River Trail, Kogelberg Nature Reserve, Overberg District Municipality, South Africa",-34.3154616667,18.9581883333,,,,,,,open,false,,,Orange Emperor,Anax speratus,Orange Emperor,Insecta,94049
66279819,323e9a3e-489d-4468-9654-762f80f2b37f,2020-12-08 6:05:03 AM GMT+02:00,2020-12-08,2020-12-08 04:05:03 UTC,Africa/Johannesburg,3577046,vicky209,vicky field,2020-12-08 04:21:22 UTC,2020-12-08 16:06:37 UTC,research,,https://www.inaturalist.org/observations/66279819,https://static.inaturalist.org/photos/106811535/medium.jpeg,,"",,3,0,false,2,"Mbombela, South Africa",-25.4491666667,30.9425,,,,,,,open,false,gps,gps,Orange Emperor,Anax speratus,Orange Emperor,Insecta,94049
66561473,7e656450-d5dc-4e99-b439-c9223f574821,2020/12/14 7:56 AM SAST,2020-12-14,2020-12-14 05:56:00 UTC,Africa/Johannesburg,528390,sallyslak,Sally Adam,2020-12-14 07:23:34 UTC,2022-01-30 15:14:26 UTC,research,CC-BY-NC,https://www.inaturalist.org/observations/66561473,https://inaturalist-open-data.s3.amazonaws.com/photos/107328154/medium.jpg,,"",At least 500m from any water.,2,0,false,,Josephine field,-33.96902,22.08751,50,,,,50,,open,false,,,Anax speratus,Anax speratus,Orange Emperor,Insecta,94049
68402358,16782f61-3ee3-47b3-8a56-7ac8c6b76a9d,2021-01-21 1:13:25 PM GMT+03:00,2021-01-21,2021-01-21 10:13:25 UTC,Baghdad,3861894,ekioko,,2021-01-21 10:14:34 UTC,2023-06-28 15:14:20 UTC,research,CC-BY-NC,https://www.inaturalist.org/observations/68402358,https://inaturalist-open-data.s3.amazonaws.com/photos/110750501/medium.jpeg,,"",,2,0,false,2,"Voi, KE-TT, KE",-3.8162097707,38.6712093093,9,,,,9,,open,false,,,Anax speratus,Anax speratus,Orange Emperor,Insecta,94049
68639525,22b3557f-7a9e-494a-a767-964f9872670b,2021/01/26 10:29 AM SAST,2021-01-26,2021-01-26 08:29:00 UTC,Pretoria,1575983,rob_palmer,Rob Palmer,2021-01-26 13:25:48 UTC,2024-09-21 05:56:41 UTC,research,CC-BY,https://www.inaturalist.org/observations/68639525,https://inaturalist-open-data.s3.amazonaws.com/photos/111197101/medium.jpeg,,"","",1,0,false,,"Bojanala, ZA-NW, ZA",-25.5452426323,27.8659757358,10,,,,29958,obscured,open,true,,"",Anax speratus,Anax speratus,Orange Emperor,Insecta,94049
68690793,e970f4f3-5de9-4a48-8d80-97eec37a8355,2021/01/08 1:52 PM CET,2021-01-08,2021-01-08 12:52:00 UTC,Paris,725800,violettederozier,Dérozier Violette,2021-01-27 18:03:36 UTC,2024-09-10 19:18:08 UTC,research,CC-BY-NC,https://www.inaturalist.org/observations/68690793,https://inaturalist-open-data.s3.amazonaws.com/photos/111288799/medium.jpeg,,"","",3,0,false,,"Mouyondzi, Republic of the Congo",-4.152225,13.9454933333,,,,,,,open,false,,,Orange Emperor,Anax speratus,Orange Emperor,Insecta,94049
69017821,fb2ef41b-3996-44fa-89e8-a6e4622ade73,2019/06/12 2:10 PM SAST,2019-06-12,2019-06-12 12:10:00 UTC,Africa/Johannesburg,61348,william6,william van Niekerk,2021-02-03 20:23:20 UTC,2021-02-05 13:20:52 UTC,research,CC-BY-NC,https://www.inaturalist.org/observations/69017821,https://inaturalist-open-data.s3.amazonaws.com/photos/111896950/medium.jpeg,,"","",2,0,false,,"Mpika, Zambia",-12.4482087555,31.305484309,3296,,,,3296,,open,false,,,Orange Emperor,Anax speratus,Orange Emperor,Insecta,94049
69923190,8308bae9-8816-4016-afa3-98c03eafc51a,2020/03/07 9:53 AM SAST,2020-03-07,2020-03-07 07:53:00 UTC,Africa/Johannesburg,2600909,garethyearsley,Gareth Yearsley,2021-02-21 14:50:31 UTC,2021-02-23 11:12:18 UTC,research,CC-BY-NC,https://www.inaturalist.org/observations/69923190,https://inaturalist-open-data.s3.amazonaws.com/photos/113574224/medium.jpg,,"","Terrible picture, I know, but it was a very large dragonfly and so I don't know what else it could have been.",2,0,false,,"Morgans Bay, 5292, South Africa",-32.6958674858,28.3381661702,4,,,,4,,open,false,,,Orange Emperor,Anax speratus,Orange Emperor,Insecta,94049
69984007,f5a63278-3e9d-4b82-96ba-8f60a12cbbba,2021/02/06 1:50 PM SAST,2021-02-06,2021-02-06 11:50:00 UTC,Pretoria,689147,sstanton,sharon stanton,2021-02-22 13:46:40 UTC,2021-02-22 18:02:15 UTC,research,CC-BY-NC,https://www.inaturalist.org/observations/69984007,https://inaturalist-open-data.s3.amazonaws.com/photos/113683465/medium.jpg,,"",,1,0,false,,"Simonskloof Mountain Retreat, Koo, Montague, Western Cape, South Africa",-33.6216280764,19.7265063213,4,,,,4,,open,false,,,Orange Emperor,Anax speratus,Orange Emperor,Insecta,94049
70672670,c4c13207-57c7-42dc-b8ed-e264f6817a45,2021/03/06 1:50 PM SAST,2021-03-06,2021-03-06 11:50:00 UTC,Africa/Johannesburg,2600909,garethyearsley,Gareth Yearsley,2021-03-06 16:51:01 UTC,2021-03-06 18:36:55 UTC,research,CC-BY-NC,https://www.inaturalist.org/observations/70672670,https://inaturalist-open-data.s3.amazonaws.com/photos/114932954/medium.jpg,,"",,1,0,false,,"Morgans Bay, 5292, South Africa",-32.6960463907,28.3341624685,4,,,,4,,open,false,,,Orange Emperor,Anax speratus,Orange Emperor,Insecta,94049
85741816,34aa8151-a8e3-42f5-bbc3-1fa492226a8a,2019/05/29 12:11 PM SAST,2019-05-29,2019-05-29 10:11:00 UTC,Pretoria,4665719,niallp,Niall Perrins,2021-07-05 09:08:55 UTC,2023-01-16 06:46:30 UTC,research,CC-BY-NC,https://www.inaturalist.org/observations/85741816,https://inaturalist-open-data.s3.amazonaws.com/photos/141127717/medium.jpg,,"","",3,0,false,,"Ehlanzeni, South Africa",-24.5152034036,30.8107869117,15,,,,15,,open,false,,"",Orange Emperor,Anax speratus,Orange Emperor,Insecta,94049
100464852,08a536ac-98e4-4264-8998-49ea972f39b8,2021/11/01 3:09 PM SAST,2021-11-01,2021-11-01 13:09:00 UTC,Pretoria,2862702,hemsonjk,,2021-11-07 04:39:25 UTC,2021-11-29 18:16:17 UTC,research,CC-BY-NC,https://www.inaturalist.org/observations/100464852,https://inaturalist-open-data.s3.amazonaws.com/photos/167684647/medium.jpeg,,"","",3,0,false,,"Edward Dr, Chelmsfordville, Gillitts, 3610, South Africa",-29.7908892,30.800541,192,,,,192,,open,false,,,Orange Emperor,Anax speratus,Orange Emperor,Insecta,94049
101205708,4a450214-3640-4c89-a0ff-81461e194fe6,Wed Nov 03 2021 22:47:10 GMT+0200 (GMT+2),2021-11-03,2021-11-03 20:47:10 UTC,Pretoria,19432,krystaltolley,Krystal Tolley,2021-11-15 17:18:44 UTC,2021-12-30 15:24:24 UTC,research,CC-BY-NC,https://www.inaturalist.org/observations/101205708,https://inaturalist-open-data.s3.amazonaws.com/photos/168983152/medium.jpg,,"","",3,0,false,3,"EC, ZA",-33.6935916667,25.2913083333,5,,,,5,,open,false,,,Orange Emperor,Anax speratus,Orange Emperor,Insecta,94049
101631172,740612a6-b467-48f4-aa6e-d81d769aa3f5,2021/11/21 12:45 PM SAST,2021-11-21,2021-11-21 10:45:00 UTC,Pretoria,2852980,erwinsieben,Erwin Sieben,2021-11-21 16:38:43 UTC,2021-11-21 18:03:25 UTC,research,CC-BY-NC,https://www.inaturalist.org/observations/101631172,https://inaturalist-open-data.s3.amazonaws.com/photos/169741200/medium.jpeg,,"",,2,0,false,,"Everton, Gillitts, 3625, South Africa",-29.7855484425,30.7962882162,118,,,,118,,open,false,,,Orange Emperor,Anax speratus,Orange Emperor,Insecta,94049
102399838,d5ffbb5f-0b2c-49f2-ab1d-70ce059df68c,2021/11/25 9:22 AM CET,2021-11-25,2021-11-25 08:22:00 UTC,Brussels,19767,bartwursten,Bart Wursten,2021-12-03 08:51:50 UTC,2021-12-03 15:55:52 UTC,research,CC-BY-NC,https://www.inaturalist.org/observations/102399838,https://inaturalist-open-data.s3.amazonaws.com/photos/171163693/medium.jpg,,"",,2,0,false,,"Chimanimani National Park, Sussundenga, Mozambique",-19.7637,33.08988,20,,,,20,,open,false,,,Orange Emperor,Anax speratus,Orange Emperor,Insecta,94049
103185262,24aaac90-1c77-463e-ab27-aad2adfb57da,2021/11/06 3:44 PM UTC,2021-11-06,2021-11-06 15:44:00 UTC,UTC,821901,oerknal,Innes Buchner,2021-12-17 07:56:38 UTC,2021-12-24 10:49:08 UTC,research,CC0,https://www.inaturalist.org/observations/103185262,https://inaturalist-open-data.s3.amazonaws.com/photos/172641360/medium.jpg,,"",,3,0,false,,"Bojanala, South Africa",-25.8365329462,27.4746760075,89,,,,89,,open,false,,,Orange Emperor,Anax speratus,Orange Emperor,Insecta,94049
104697156,9b9f8af5-157c-40e8-96b7-8bfcdacb6688,2022-01-09,2022-01-09,,Pretoria,1443637,elmarvrooyen,Elmar van Rooyen,2022-01-10 09:22:47 UTC,2023-02-21 05:20:28 UTC,research,CC-BY-NC,https://www.inaturalist.org/observations/104697156,https://inaturalist-open-data.s3.amazonaws.com/photos/175489424/medium.jpeg,,"","",1,0,false,2,"Knysna Local Municipality, South Africa",-33.8886154749,22.9616782442,185,,,,185,,open,false,,"",Orange Emperor,Anax speratus,Orange Emperor,Insecta,94049
104907983,727da836-2902-4132-ab82-cedd1cff3fd5,2022/01/12 3:40 PM SAST,2022-01-12,2022-01-12 13:40:00 UTC,Pretoria,671321,ish_crew,Ismail Ebrahim,2022-01-14 08:15:19 UTC,2022-01-14 12:38:33 UTC,research,CC-BY-NC,https://www.inaturalist.org/observations/104907983,https://inaturalist-open-data.s3.amazonaws.com/photos/175894008/medium.jpg,,"",,2,0,false,,"Jonkershoek, waterfall trail up Kurtrekker trail",-33.99386903,18.97509529,5,,,,5,,open,false,,,Orange Emperor,Anax speratus,Orange Emperor,Insecta,94049
105213752,ad9abd58-fdd8-4708-883b-e63b0b4ec0f5,2021-12-29 13:50:53,2021-12-29,2021-12-29 11:50:53 UTC,Pretoria,1626677,joelradue,Joel Radue,2022-01-19 15:59:06 UTC,2022-01-20 06:52:39 UTC,research,,https://www.inaturalist.org/observations/105213752,https://static.inaturalist.org/photos/176483102/medium.jpeg,,"",,3,0,false,,Greyton,-34.0357526305,19.6159919724,15,,,,15,,open,false,gps,gps,Orange Emperor,Anax speratus,Orange Emperor,Insecta,94049
105421929,d1d81b60-194e-4dac-924d-acdb70030a6a,2022-01-12 15:41:10,2022-01-12,2022-01-12 13:41:10 UTC,Pretoria,28090,mr_fab,Brian du Preez,2022-01-23 09:51:10 UTC,2022-01-23 16:31:57 UTC,research,CC-BY-SA,https://www.inaturalist.org/observations/105421929,https://inaturalist-open-data.s3.amazonaws.com/photos/176879775/medium.jpeg,,"",,3,0,false,2,"Stellenbosch Municipality, South Africa",-33.9942970278,18.9753208056,,,,,,,open,false,gps,gps,Orange Emperor,Anax speratus,Orange Emperor,Insecta,94049
105767798,30264cdb-ae79-46d4-ab5c-37594765499f,2022/01/29 10:29 AM CAT,2022-01-29,2022-01-29 09:29:00 UTC,West Central Africa,2600909,garethyearsley,Gareth Yearsley,2022-01-29 13:11:40 UTC,2022-02-03 12:26:59 UTC,research,CC-BY-NC,https://www.inaturalist.org/observations/105767798,https://inaturalist-open-data.s3.amazonaws.com/photos/177539285/medium.jpg,,"",,3,0,false,,"Morgans Bay, 5292, South Africa",-32.7116733275,28.336692014,2,,,,2,,open,false,,,Orange Emperor,Anax speratus,Orange Emperor,Insecta,94049
108789085,97c3a2ae-aa91-445e-a04d-2d0d060129f7,2022-03-16,2022-03-16,,UTC,3430395,luciushlatswayo,lucius oupa,2022-03-17 09:47:44 UTC,2022-03-22 15:35:54 UTC,research,,https://www.inaturalist.org/observations/108789085,https://static.inaturalist.org/photos/183236146/medium.jpeg,,"",,1,0,false,2,"Sekhukhune, ZA-NP, ZA",-24.4895306083,30.7007283345,4,,,,4,,open,false,,,Orange Emperor,Anax speratus,Orange Emperor,Insecta,94049
108789187,c3c607d6-681c-4d32-be1c-b11cb1594e6f,2022-03-16 10:59:00,2022-03-16,2022-03-16 10:59:00 UTC,UTC,3430395,luciushlatswayo,lucius oupa,2022-03-17 09:49:31 UTC,2022-04-19 07:38:08 UTC,research,,https://www.inaturalist.org/observations/108789187,https://static.inaturalist.org/photos/183236260/medium.jpeg,,"",,2,0,false,2,"Sekhukhune, ZA-NP, ZA",-24.491394534,30.6990925223,5,,,,5,,open,false,,,Orange Emperor,Anax speratus,Orange Emperor,Insecta,94049
116276633,837733b9-8aa2-47b8-9fda-07e4057ab930,2018/11/23 11:09 AM,2018-11-23,2018-11-23 09:09:00 UTC,Pretoria,4665719,niallp,Niall Perrins,2022-05-09 14:03:10 UTC,2023-01-16 06:43:13 UTC,research,CC-BY-NC,https://www.inaturalist.org/observations/116276633,https://inaturalist-open-data.s3.amazonaws.com/photos/196261577/medium.jpg,,"","",3,0,false,,"Nkangala, South Africa",-25.6059230643,30.3968581303,15,,,,15,,open,false,,"",Orange Emperor,Anax speratus,Orange Emperor,Insecta,94049
130996093,6dccfd85-738e-40a2-a4e7-3c55d61e166a,2021/11/05 10:37,2021-11-05,2021-11-05 08:37:00 UTC,Pretoria,1374169,felix_riegel,Felix Riegel,2022-08-15 22:22:16 UTC,2022-09-06 09:30:13 UTC,research,CC-BY-NC,https://www.inaturalist.org/observations/130996093,https://inaturalist-open-data.s3.amazonaws.com/photos/222760495/medium.jpeg,,Anax speratus,,5,0,false,,"Umtamvuna Nature Reserve Beacon, Port Edwald, KwaZulu-Natal, South Africa",-31.00611915,30.17162507,8,,,,8,,open,false,,,Orange Emperor,Anax speratus,Orange Emperor,Insecta,94049
131548578,b23dcd06-0631-4096-ba5c-1b238dcf781b,2021/01/08 12:01 PM,2021-01-08,2021-01-08 10:01:00 UTC,Pretoria,3151177,peters5001,Peter Small,2022-08-20 06:47:08 UTC,2022-08-26 06:34:44 UTC,research,CC-BY-NC,https://www.inaturalist.org/observations/131548578,https://inaturalist-open-data.s3.amazonaws.com/photos/223884541/medium.jpg,,"",,3,0,false,,"Ugu District Municipality, South Africa",-30.2869332263,30.7377262273,8,,,,8,,open,false,,,Orange Emperor,Anax speratus,Orange Emperor,Insecta,94049
131557492,d2a63e8b-442f-4ff9-85c4-cda2a64db00a,2021/04/08 12:27 PM,2021-04-08,2021-04-08 10:27:00 UTC,Pretoria,3151177,peters5001,Peter Small,2022-08-20 09:26:53 UTC,2022-08-26 06:33:01 UTC,research,CC-BY-NC,https://www.inaturalist.org/observations/131557492,https://inaturalist-open-data.s3.amazonaws.com/photos/223899889/medium.jpg,,"",,3,0,false,,"Ugu District Municipality, South Africa",-30.2726063055,30.6915641341,122,,,,122,,open,false,,,Orange Emperor,Anax speratus,Orange Emperor,Insecta,94049
131621421,7a63512c-b24f-45d9-9744-a72cf9952213,2021/02/09 12:24 PM,2021-02-09,2021-02-09 10:24:00 UTC,Pretoria,3151177,peters5001,Peter Small,2022-08-20 18:57:12 UTC,2022-08-28 06:35:31 UTC,research,CC-BY-NC,https://www.inaturalist.org/observations/131621421,https://inaturalist-open-data.s3.amazonaws.com/photos/224012406/medium.jpg,,"",,3,0,false,,"Ugu District Municipality, South Africa",-30.2867300071,30.7380409446,61,,,,61,,open,false,,,Orange Emperor,Anax speratus,Orange Emperor,Insecta,94049
131857827,e68435de-926e-4955-b480-0be17f815645,2021/11/10 12:01 PM,2021-11-10,2021-11-10 10:01:00 UTC,Pretoria,3151177,peters5001,Peter Small,2022-08-22 07:21:49 UTC,2022-08-25 20:02:22 UTC,research,CC-BY-NC,https://www.inaturalist.org/observations/131857827,https://inaturalist-open-data.s3.amazonaws.com/photos/224457509/medium.jpg,,"",,3,0,false,,"Ugu District Municipality, South Africa",-30.286531922,30.7379544224,41,,,,41,,open,false,,,Orange Emperor,Anax speratus,Orange Emperor,Insecta,94049
132116095,d5b8aa21-dfc3-4636-b538-01912354c622,2022-08-24 12:05:36,2022-08-24,2022-08-24 09:05:36 UTC,Nairobi,5324472,bakari,Bakari Plants (Bakari Garise),2022-08-24 09:06:41 UTC,2025-01-14 14:23:41 UTC,research,,https://www.inaturalist.org/observations/132116095,https://static.inaturalist.org/photos/224939875/medium.jpeg,,"",,3,1,false,2,Wildlife field lab Kenya,-0.900628915,37.7645359933,2743860,,,,2743860,,open,false,gps,gps,Orange Emperor,Anax speratus,Orange Emperor,Insecta,94049
132251452,5163e5c0-99c0-4b27-ab24-e090e909c9cb,2021/01/14 10:57 AM,2021-01-14,2021-01-14 08:57:00 UTC,Pretoria,3151177,peters5001,Peter Small,2022-08-25 09:13:09 UTC,2022-08-25 13:09:42 UTC,research,CC-BY-NC,https://www.inaturalist.org/observations/132251452,https://inaturalist-open-data.s3.amazonaws.com/photos/225190255/medium.jpg,,"",,2,0,false,,"Ugu District Municipality, South Africa",-30.2870588003,30.7377040736,2,,,,2,,open,false,,,Orange Emperor,Anax speratus,Orange Emperor,Insecta,94049
133178706,d39745fb-74e9-4b97-96ba-b7a6dfd2d3ae,2021/12/14 11:34 AM,2021-12-14,2021-12-14 09:34:00 UTC,Pretoria,3151177,peters5001,Peter Small,2022-09-01 07:05:09 UTC,2022-09-01 11:39:17 UTC,research,CC-BY-NC,https://www.inaturalist.org/observations/133178706,https://inaturalist-open-data.s3.amazonaws.com/photos/226809967/medium.jpg,,"",,3,0,false,,"Ugu District Municipality, South Africa",-30.2870187694,30.7378602533,31,,,,31,,open,false,,,Orange Emperor,Anax speratus,Orange Emperor,Insecta,94049
133920514,0206acc1-09bd-4857-b099-5d830debaed5,2022/02/17 11:56 AM,2022-02-17,2022-02-17 09:56:00 UTC,Pretoria,3151177,peters5001,Peter Small,2022-09-06 15:33:26 UTC,2022-09-06 18:43:44 UTC,research,CC-BY-NC,https://www.inaturalist.org/observations/133920514,https://inaturalist-open-data.s3.amazonaws.com/photos/228184156/medium.jpg,,"",,3,0,false,,"Ugu District Municipality, South Africa",-30.2870588518,30.738065739,61,,,,61,,open,false,,,Orange Emperor,Anax speratus,Orange Emperor,Insecta,94049
135113487,c6bccbd7-f8a7-4b66-a23b-ee2a92935fa1,2021/02/19 10:55 AM,2021-02-19,2021-02-19 08:55:00 UTC,Pretoria,3151177,peters5001,Peter Small,2022-09-15 13:56:41 UTC,2022-09-15 15:26:54 UTC,research,CC-BY-NC,https://www.inaturalist.org/observations/135113487,https://inaturalist-open-data.s3.amazonaws.com/photos/230407854/medium.jpg,,"",,3,0,false,,"Ugu District Municipality, South Africa",-30.2869774385,30.7377784127,61,,,,61,,open,false,,,Orange Emperor,Anax speratus,Orange Emperor,Insecta,94049
137744777,3fa8695a-1980-4bf3-a77e-42a1c9c20889,2022/05/29 12:18 PM,2022-05-29,2022-05-29 10:18:00 UTC,Pretoria,739061,maritzasouthafrica,"",2022-10-06 14:11:42 UTC,2022-10-06 19:55:44 UTC,research,CC-BY-NC,https://www.inaturalist.org/observations/137744777,https://inaturalist-open-data.s3.amazonaws.com/photos/235310813/medium.jpg,,"",,3,0,false,,"Phiring, South Africa",-24.4875586352,30.6839186977,10,,,,10,,open,false,,,Orange Emperor,Anax speratus,Orange Emperor,Insecta,94049
141760163,63c45dc0-d58e-4864-bb7c-02d4fa32c7cc,2022-11-06,2022-11-06,,Pretoria,3652678,melvynquan,"",2022-11-12 06:18:20 UTC,2022-11-12 13:42:29 UTC,research,CC-BY-NC,https://www.inaturalist.org/observations/141760163,https://inaturalist-open-data.s3.amazonaws.com/photos/242929911/medium.jpeg,,"",,2,0,false,2,"Lepelle-Nkumpi Local Municipality, South Africa",-24.0504497798,30.1153127477,492,,,,492,,open,false,gps,gps,Orange Emperor,Anax speratus,Orange Emperor,Insecta,94049
142054630,2581bbfd-ae24-4e2c-a1da-2b4187a8f43e,2017/11/28 11:00 AM,2017-11-28,2017-11-28 09:00:00 UTC,Pretoria,4665719,niallp,Niall Perrins,2022-11-15 08:16:12 UTC,2023-01-16 06:37:56 UTC,research,CC-BY-NC,https://www.inaturalist.org/observations/142054630,https://inaturalist-open-data.s3.amazonaws.com/photos/243484066/medium.jpg,,"","",1,0,false,,"Waterberg District Municipality, South Africa",-24.24971563,27.84442166,15,,,,15,,open,false,,"",Orange Emperor,Anax speratus,Orange Emperor,Insecta,94049
144008773,b5514194-d6a9-4e5a-8ba4-00ee1c05d80f,2022/12/07 9:55 AM,2022-12-07,2022-12-07 07:55:00 UTC,Pretoria,3689841,corriedt,Corrie du Toit,2022-12-09 15:21:29 UTC,2022-12-09 15:44:46 UTC,research,CC-BY-NC,https://www.inaturalist.org/observations/144008773,https://inaturalist-open-data.s3.amazonaws.com/photos/247077200/medium.jpeg,,"","Sorry, bad photo. Positively sure about id.",1,0,false,,"Overberg District Municipality, South Africa",-34.2194286188,18.9608265739,4,,,,4,,open,false,,,Orange Emperor,Anax speratus,Orange Emperor,Insecta,94049
144992563,d0d14edc-744b-4717-bce3-9bbf2a27bb8a,2022-12-24 18:32:37,2022-12-24,2022-12-24 15:32:37 UTC,Nairobi,5918057,michael_theophilus,Michael Theophilus Matemba,2022-12-24 16:38:30 UTC,2023-05-21 19:58:33 UTC,research,,https://www.inaturalist.org/observations/144992563,https://static.inaturalist.org/photos/248979437/medium.jpeg,,"",,2,0,false,2,"HXJR+V66, Mzuzu, Malawi",-11.4165069256,33.9920101874,10,,,,10,,open,false,,,Orange Emperor,Anax speratus,Orange Emperor,Insecta,94049
145968835,449b0558-866d-410d-80ed-e0eeab89a253,2015/03/23 1:53 PM,2015-03-23,2015-03-23 11:53:00 UTC,Pretoria,2516864,greggdarling,Gregg Darling,2023-01-06 16:21:14 UTC,2023-01-07 07:06:26 UTC,research,CC-BY-NC,https://www.inaturalist.org/observations/145968835,https://inaturalist-open-data.s3.amazonaws.com/photos/250847467/medium.jpg,,CT and Natures V 22-03-2015,Orange Emperor,3,0,false,,"Garden Route District Municipality, South Africa",-33.9684236358,23.5594755008,62,,,,62,,open,false,,,Orange Emperor,Anax speratus,Orange Emperor,Insecta,94049
146023292,b1862808-e8fa-446c-8792-18cbf45cfdbc,2022/12/13 11:57 AM,2022-12-13,2022-12-13 09:57:00 UTC,Pretoria,2825462,hirons,jean hirons,2023-01-07 08:26:18 UTC,2023-01-07 21:25:13 UTC,research,CC-BY-NC,https://www.inaturalist.org/observations/146023292,https://inaturalist-open-data.s3.amazonaws.com/photos/250953913/medium.jpg,,"",,1,0,false,,"Gouna rivier, Knysna, Garden Route District Municipality, South Africa",-33.9908005398,23.0406040005,86,,,,86,,open,false,,,Orange Emperor,Anax speratus,Orange Emperor,Insecta,94049
146026575,00857001-230f-4018-9d5a-0049d02a1913,2022/11/28 12:16 PM,2022-11-28,2022-11-28 10:16:00 UTC,Pretoria,2825462,hirons,jean hirons,2023-01-07 09:50:28 UTC,2023-01-07 14:37:09 UTC,research,CC-BY-NC,https://www.inaturalist.org/observations/146026575,https://inaturalist-open-data.s3.amazonaws.com/photos/250959767/medium.jpg,,"",,1,0,false,,"Dieprivier,Garden Route District Municipality, South Africa",-33.931619014,22.7064346097,31,,,,31,,open,false,,,Orange Emperor,Anax speratus,Orange Emperor,Insecta,94049
146404822,4ea929e2-946e-48e1-b8a7-cee0644496a4,2022/12/24 11:19 AM,2022-12-24,2022-12-24 09:19:00 UTC,Pretoria,6103743,richard_johnstone,Richard Johnstone,2023-01-12 15:48:20 UTC,2023-01-14 12:40:17 UTC,research,CC-BY-NC,https://www.inaturalist.org/observations/146404822,https://inaturalist-open-data.s3.amazonaws.com/photos/251698340/medium.jpeg,,"","",2,0,false,,"Ehlanzeni District Municipality, South Africa",-25.8145323989,31.0941503397,8,,,,8,,open,false,,,Orange Emperor,Anax speratus,Orange Emperor,Insecta,94049
146612617,80ce75d5-0521-43f4-8b80-6d53918de517,2023/01/14 2:33 PM,2023-01-14,2023-01-14 12:33:00 UTC,Pretoria,1275622,mdevill,Marienne de Villiers,2023-01-15 15:01:49 UTC,2023-01-15 21:18:41 UTC,research,CC-BY-NC,https://www.inaturalist.org/observations/146612617,https://inaturalist-open-data.s3.amazonaws.com/photos/252101336/medium.jpeg,,"",,3,0,false,,KK Secret Spot,-33.483029841,22.0402232731,500,,,,500,,open,false,,,Orange Emperor,Anax speratus,Orange Emperor,Insecta,94049
146888096,96403d46-5da5-4a0c-bd5d-34fd4fa8fa0b,2020/12/31 10:52 AM,2020-12-31,2020-12-31 08:52:00 UTC,Pretoria,3151177,peters5001,Peter Small,2023-01-19 13:36:14 UTC,2023-01-19 15:26:06 UTC,research,CC-BY-NC,https://www.inaturalist.org/observations/146888096,https://inaturalist-open-data.s3.amazonaws.com/photos/252646103/medium.jpg,,"",,2,0,false,,"Ugu District Municipality, South Africa",-30.2870138235,30.738108619,61,,,,61,,open,false,,,Orange Emperor,Anax speratus,Orange Emperor,Insecta,94049
146888100,f7b027d8-67a1-42df-8e05-bf7c0506aa81,2020/12/31 11:18 AM,2020-12-31,2020-12-31 09:18:00 UTC,Pretoria,3151177,peters5001,Peter Small,2023-01-19 13:36:17 UTC,2023-01-19 14:34:41 UTC,research,CC-BY-NC,https://www.inaturalist.org/observations/146888100,https://inaturalist-open-data.s3.amazonaws.com/photos/252646126/medium.jpg,,"",,1,0,false,,"Ugu District Municipality, South Africa",-30.2870138235,30.738108619,61,,,,61,,open,false,,,Orange Emperor,Anax speratus,Orange Emperor,Insecta,94049
147025628,759346a5-63a4-45d5-a5c7-5081410066da,2019/11/25 1:54 PM,2019-11-25,2019-11-25 11:54:00 UTC,Pretoria,2825462,hirons,jean hirons,2023-01-21 13:53:01 UTC,2023-01-21 15:25:40 UTC,research,CC-BY-NC,https://www.inaturalist.org/observations/147025628,https://inaturalist-open-data.s3.amazonaws.com/photos/252912750/medium.jpg,,"",,3,0,false,,Jubilee Creek Picnic Site,-33.8883012505,22.9663181305,122,,,,122,,open,false,,,Orange Emperor,Anax speratus,Orange Emperor,Insecta,94049
147240581,a805aa4d-dcb6-45b0-91dd-f2eb136bb1a6,2023-01-23 05:44:00+02:00,2023-01-23,2023-01-23 03:44:00 UTC,Pretoria,4384800,john_bornman,,2023-01-24 03:44:41 UTC,2023-01-24 08:14:37 UTC,research,CC-BY-NC,https://www.inaturalist.org/observations/147240581,https://inaturalist-open-data.s3.amazonaws.com/photos/253327174/medium.jpg,,"","",3,0,false,3,"Umvoti, Greytown, KZN, ZA",-29.1019638333,30.5992166667,4,,,,4,,open,false,,,Orange Emperor,Anax speratus,Orange Emperor,Insecta,94049
147377923,4fcc1c73-6f06-4465-aac8-8799468af965,2021/01/25 10:59 AM,2021-01-25,2021-01-25 08:59:00 UTC,Pretoria,2825462,hirons,jean hirons,2023-01-26 07:01:04 UTC,2023-01-26 12:08:19 UTC,research,CC-BY-NC,https://www.inaturalist.org/observations/147377923,https://inaturalist-open-data.s3.amazonaws.com/photos/253587229/medium.jpg,,"",,3,0,false,," Duiwe Rivier, Wilderness",-33.9795615733,22.6527849936,522,,,,522,,open,false,,,Orange Emperor,Anax speratus,Orange Emperor,Insecta,94049
148308575,e74b0ddd-7070-4936-b7ca-68f4023c5ed8,2023/01/30 11:47 AM,2023-01-30,2023-01-30 09:47:00 UTC,Pretoria,2825462,hirons,jean hirons,2023-02-08 09:47:06 UTC,2023-02-08 15:47:27 UTC,research,CC-BY-NC,https://www.inaturalist.org/observations/148308575,https://inaturalist-open-data.s3.amazonaws.com/photos/255369478/medium.jpg,,"",,3,0,false,,"Millwood Stream ,Garden Route District Municipality, South Africa",-33.898058351,22.9911057694,308,,,,308,,open,false,,,Orange Emperor,Anax speratus,Orange Emperor,Insecta,94049
148308601,f720f1b7-9ca4-412b-9082-d5b959e71b12,2023/01/30 2:31 PM,2023-01-30,2023-01-30 12:31:00 UTC,Pretoria,2825462,hirons,jean hirons,2023-02-08 09:47:15 UTC,2023-02-08 15:45:33 UTC,research,CC-BY-NC,https://www.inaturalist.org/observations/148308601,https://inaturalist-open-data.s3.amazonaws.com/photos/255370541/medium.jpg,,"",,3,0,false,,Jubilee Creek Picnic Site,-33.8883012505,22.9663181305,122,,,,122,,open,false,,,Orange Emperor,Anax speratus,Orange Emperor,Insecta,94049
148503175,6cea9898-39fb-4fcc-827c-1f47e95761bd,2023/02/07 2:50 PM,2023-02-07,2023-02-07 12:50:00 UTC,Pretoria,773887,stevewoodhall,Steve Woodhall,2023-02-11 08:11:02 UTC,2023-02-11 15:29:32 UTC,research,CC-BY,https://www.inaturalist.org/observations/148503175,https://static.inaturalist.org/photos/255746736/medium.jpg,,"",,3,0,false,,"Chelmsfordville, Gillitts, 3610, South Africa",-29.7899664674,30.8002003079,3,,,,3,,open,false,,,Orange Emperor,Anax speratus,Orange Emperor,Insecta,94049
148524258,1b5dd513-ba4a-4e00-ba0c-1d18577ee24a,2023/02/04 11:55 AM,2023-02-04,2023-02-04 09:55:00 UTC,Pretoria,3689841,corriedt,Corrie du Toit,2023-02-11 16:11:46 UTC,2023-02-12 13:56:49 UTC,research,CC-BY-NC,https://www.inaturalist.org/observations/148524258,https://inaturalist-open-data.s3.amazonaws.com/photos/255786386/medium.jpeg,,"",,2,0,false,,"Kogelberg Nature Reserve, Overstrand Municipality, South Africa",-34.3205087272,18.9648727866,281,,,,281,,open,false,,,Anax speratus,Anax speratus,Orange Emperor,Insecta,94049
149085869,f334dd19-e2cf-47e8-9534-09c2334f13b4,2023/02/16 6:41 AM,2023-02-16,2023-02-16 06:41:00 UTC,Africa/Dakar,1795211,cammfl,Carla Morris,2023-02-19 00:02:04 UTC,2025-01-26 01:11:26 UTC,research,CC-BY-NC,https://www.inaturalist.org/observations/149085869,https://inaturalist-open-data.s3.amazonaws.com/photos/256844304/medium.jpeg,,"",,1,0,false,,"Saly 00000, Senegal",14.4488806,-17.0354343,198,,,,198,,open,false,,,Orange Emperor,Anax speratus,Orange Emperor,Insecta,94049
149464063,977b7d15-f58e-4bcb-a066-ca90915eee44,2023/02/19 10:55 AM,2023-02-19,2023-02-19 08:55:00 UTC,Pretoria,2825462,hirons,jean hirons,2023-02-23 09:03:39 UTC,2023-02-26 04:08:55 UTC,research,CC-BY-NC,https://www.inaturalist.org/observations/149464063,https://inaturalist-open-data.s3.amazonaws.com/photos/257555871/medium.jpg,,"",,2,0,false,,"Gouna rivier, Knysna, Garden Route District Municipality, South Africa",-33.9908005398,23.0406040005,86,,,,86,,open,false,,,Orange Emperor,Anax speratus,Orange Emperor,Insecta,94049
149535410,0335a573-7503-4564-a7ab-f6cfa102a643,2023-02-23 11:10:58+02:00,2023-02-23,2023-02-23 09:10:58 UTC,Pretoria,6516819,denis_p,,2023-02-24 06:08:02 UTC,2023-02-24 10:46:31 UTC,research,CC-BY-NC,https://www.inaturalist.org/observations/149535410,https://inaturalist-open-data.s3.amazonaws.com/photos/257692253/medium.jpg,,"","",3,0,false,3,"Mkhondo Rural, Piet Retief, MP, ZA",-27.0013143495,30.724988496,4,,,,4,,open,false,,,Orange Emperor,Anax speratus,Orange Emperor,Insecta,94049
151293226,bd82533f-bf86-4061-ba5a-d5c0b20b938b,2023/03/12 12:33 PM,2023-03-12,2023-03-12 10:33:00 UTC,Pretoria,2825462,hirons,jean hirons,2023-03-16 12:26:51 UTC,2023-03-16 18:02:45 UTC,research,CC-BY-NC,https://www.inaturalist.org/observations/151293226,https://inaturalist-open-data.s3.amazonaws.com/photos/261019495/medium.jpg,,"",,2,0,false,,"Duiwe Rivier, Wilderness, South Africa",-33.9806776345,22.6511528828,53,,,,53,,open,false,,,Orange Emperor,Anax speratus,Orange Emperor,Insecta,94049
151293228,a7aaf43e-2505-4a0f-b4ee-8dde973eae94,2023/03/12 12:50 PM,2023-03-12,2023-03-12 10:50:00 UTC,Pretoria,2825462,hirons,jean hirons,2023-03-16 12:26:51 UTC,2023-03-16 18:03:06 UTC,research,CC-BY-NC,https://www.inaturalist.org/observations/151293228,https://inaturalist-open-data.s3.amazonaws.com/photos/261020201/medium.jpg,,"",,3,0,false,,"Duiwe Rivier, Wilderness, South Africa",-33.9806553943,22.6511636116,8,,,,8,,open,false,,,Orange Emperor,Anax speratus,Orange Emperor,Insecta,94049
151293229,f488b1fe-d926-4a74-ab3c-151c8579a4e6,2023/03/12 12:52 PM,2023-03-12,2023-03-12 10:52:00 UTC,Pretoria,2825462,hirons,jean hirons,2023-03-16 12:26:52 UTC,2023-03-16 18:03:21 UTC,research,CC-BY-NC,https://www.inaturalist.org/observations/151293229,https://inaturalist-open-data.s3.amazonaws.com/photos/261020303/medium.jpg,,"",,3,0,false,,"Duiwe Rivier, Wilderness, South Africa",-33.980637601,22.6511636116,8,,,,8,,open,false,,,Orange Emperor,Anax speratus,Orange Emperor,Insecta,94049
152220787,26f25be1-f411-49b1-9401-fdfdc258c584,2023/03/13 11:27 AM,2023-03-13,2023-03-13 09:27:00 UTC,Pretoria,3689841,corriedt,Corrie du Toit,2023-03-25 09:11:24 UTC,2023-03-25 12:29:48 UTC,research,CC-BY-NC,https://www.inaturalist.org/observations/152220787,https://inaturalist-open-data.s3.amazonaws.com/photos/262752089/medium.jpeg,,"",,3,0,false,,"Gouna River Crossing, Garden Route District Municipality, South Africa",-33.990767056,23.0403931578,11,,,,11,,open,false,,,Orange Emperor,Anax speratus,Orange Emperor,Insecta,94049
152512693,82d3316c-03b0-42c9-9a83-0e4bdc9f3a46,2023/03/16 11:30 AM,2023-03-16,2023-03-16 09:30:00 UTC,Pretoria,3689841,corriedt,Corrie du Toit,2023-03-27 15:28:01 UTC,2023-03-27 16:31:04 UTC,research,CC-BY-NC,https://www.inaturalist.org/observations/152512693,https://inaturalist-open-data.s3.amazonaws.com/photos/263289766/medium.jpeg,,"",,1,0,false,,"Karatara River Crossing, Garden Route District Municipality, South Africa",-33.9984376855,22.8263305009,41,,,,41,,open,false,,,Orange Emperor,Anax speratus,Orange Emperor,Insecta,94049
152541934,410dfaea-b4eb-4538-aeb7-0a5cbbeb7e3a,2023/03/16 1:55 PM,2023-03-16,2023-03-16 11:55:00 UTC,Pretoria,3689841,corriedt,Corrie du Toit,2023-03-27 20:08:15 UTC,2023-03-27 20:53:02 UTC,research,CC-BY-NC,https://www.inaturalist.org/observations/152541934,https://inaturalist-open-data.s3.amazonaws.com/photos/263344267/medium.jpeg,,"",,1,0,false,,"Blackwaters River Lodge and Golf Course, Goukamma River, Garden Route District Municipality, South Africa",-34.0297893144,22.93840477,78,,,,78,,open,false,,,Orange Emperor,Anax speratus,Orange Emperor,Insecta,94049
152541935,5e118978-2099-468b-a69e-15f9b988fd70,2023/03/16 1:56 PM,2023-03-16,2023-03-16 11:56:00 UTC,Pretoria,3689841,corriedt,Corrie du Toit,2023-03-27 20:08:16 UTC,2023-03-27 20:53:11 UTC,research,CC-BY-NC,https://www.inaturalist.org/observations/152541935,https://inaturalist-open-data.s3.amazonaws.com/photos/263344281/medium.jpeg,,"",,1,0,false,,"Blackwaters River Lodge and Golf Course, Goukamma River, Garden Route District Municipality, South Africa",-34.0297893144,22.93840477,78,,,,78,,open,false,,,Orange Emperor,Anax speratus,Orange Emperor,Insecta,94049
152541936,9088df99-20e8-4091-a480-1ad9c5608566,2023/03/16 2:08 PM,2023-03-16,2023-03-16 12:08:00 UTC,Pretoria,3689841,corriedt,Corrie du Toit,2023-03-27 20:08:16 UTC,2023-03-27 20:53:35 UTC,research,CC-BY-NC,https://www.inaturalist.org/observations/152541936,https://inaturalist-open-data.s3.amazonaws.com/photos/263344299/medium.jpeg,,"",,1,0,false,,"Blackwaters River Lodge and Golf Course, Goukamma River, Garden Route District Municipality, South Africa",-34.0297893144,22.93840477,78,,,,78,,open,false,,,Orange Emperor,Anax speratus,Orange Emperor,Insecta,94049
153717391,93103ec9-8b50-4b03-b10c-fd47dc3b3b04,2023-04-06 14:52:22-04:00,2023-04-06,2023-04-06 18:52:22 UTC,Pretoria,5544461,maruattwood,Maru Attwood,2023-04-06 18:53:34 UTC,2023-04-06 20:43:30 UTC,research,,https://www.inaturalist.org/observations/153717391,https://static.inaturalist.org/photos/265527597/medium.jpg,,"","",2,0,false,3,"City Of Mbombela Rural, MP, ZA",-25.34310235,30.9427707443,22,,,,22,,open,false,,,Orange Emperor,Anax speratus,Orange Emperor,Insecta,94049
155591033,b278f485-952e-44f7-a618-c72fd608f019,2023-04-19 12:25:05+03:00,2023-04-19,2023-04-19 09:25:05 UTC,Nairobi,5075697,eva_bnkhff,Eva Benkhoff,2023-04-19 11:02:41 UTC,2024-06-18 09:20:13 UTC,research,,https://www.inaturalist.org/observations/155591033,https://static.inaturalist.org/photos/269758854/medium.jpg,,"","",2,1,false,3,"Bahir Dar - Gonder Road, Libokemekem, Amhara, ET",12.1426111667,37.75245,11,,,,11,,open,false,,,Anax speratus,Anax speratus,Orange Emperor,Insecta,94049
159398789,eb5cacf4-8863-4b66-bade-adfa5c6e79fc,2023-05-03 11:37:15,2023-05-03,2023-05-03 09:37:15 UTC,Pretoria,6269418,kilowatt1,Howard Cook,2023-05-03 10:50:37 UTC,2023-05-03 13:07:17 UTC,research,CC-BY-NC,https://www.inaturalist.org/observations/159398789,https://inaturalist-open-data.s3.amazonaws.com/photos/275398033/medium.jpeg,,"",,3,0,false,2,Kwadukuza Municipality,-29.3380291895,31.289222762,28803,,,,28803,,open,false,gps,gps,Orange Emperor,Anax speratus,Orange Emperor,Insecta,94049
171416802,7058af99-3d35-40a9-9644-f068941a411a,2018/02/11 10:38 AM,2018-02-11,2018-02-11 08:38:00 UTC,Pretoria,1667099,hhodgson,Heather and Andrew Hodgson,2023-07-06 17:41:49 UTC,2023-07-07 08:48:57 UTC,research,CC-BY-NC,https://www.inaturalist.org/observations/171416802,https://inaturalist-open-data.s3.amazonaws.com/photos/297445347/medium.jpg,,"2018-02-10-12 KZN Trip, iSimangaliso Wetland Park World Heritage Site, False Bay Park",,3,0,false,,"False Bay Park, iSimangaliso Wetland Park, uMkhanyakude District Municipality, KwaZulu-Natal, South Africa",-27.9534833333,32.3750666667,,,,,,,open,false,,,Orange Emperor,Anax speratus,Orange Emperor,Insecta,94049
173040959,7bf7454c-96b1-4b02-a942-e97289e8ed99,2023/07/14 09:38,2023-07-14,2023-07-14 06:38:00 UTC,Riyadh,17844,jackyjudas,Jacky Judas,2023-07-15 16:31:58 UTC,2024-03-29 10:08:14 UTC,research,CC-BY,https://www.inaturalist.org/observations/173040959,https://inaturalist-open-data.s3.amazonaws.com/photos/300461012/medium.jpeg,,"",,1,0,false,,Asir Principality Arabie saoudite,18.3178252778,42.36087114,,,,,,,open,false,,,Anax speratus,Anax speratus,Orange Emperor,Insecta,94049
173581976,56eccb7c-82dd-4bee-bd2a-c62a409077c2,2016/11/26 11:29 AM,2016-11-26,2016-11-26 09:29:00 UTC,Pretoria,3689841,corriedt,Corrie du Toit,2023-07-18 12:34:37 UTC,2023-07-18 13:47:08 UTC,research,CC-BY-NC,https://www.inaturalist.org/observations/173581976,https://inaturalist-open-data.s3.amazonaws.com/photos/301459355/medium.jpeg,,"","",1,0,false,,"Sonderend River Bridge on R406, Overberg District Municipality, South Africa",-34.1853164044,19.4022368878,17,,,,17,,open,false,,,Orange Emperor,Anax speratus,Orange Emperor,Insecta,94049
173604853,31a02d3b-4688-4518-8dff-71ac08c53fe5,2017/02/06 11:28 AM,2017-02-06,2017-02-06 09:28:00 UTC,Pretoria,3689841,corriedt,Corrie du Toit,2023-07-18 15:19:08 UTC,2023-07-18 15:59:44 UTC,research,CC-BY-NC,https://www.inaturalist.org/observations/173604853,https://inaturalist-open-data.s3.amazonaws.com/photos/301500963/medium.jpeg,,"","",1,0,false,,"Sonderend River Bridge on R406, Overberg District Municipality, South Africa",-34.1853164044,19.4022368878,17,,,,17,,open,false,,,Orange Emperor,Anax speratus,Orange Emperor,Insecta,94049
174153496,d2d6ed14-8e20-4bd5-8022-a0cb2300f254,2018/03/13 1:33 PM,2018-03-13,2018-03-13 11:33:00 UTC,Pretoria,3689841,corriedt,Corrie du Toit,2023-07-21 19:57:15 UTC,2023-07-22 05:37:14 UTC,research,CC-BY-NC,https://www.inaturalist.org/observations/174153496,https://inaturalist-open-data.s3.amazonaws.com/photos/302522314/medium.jpeg,,"","",2,0,false,,"Grootrivier bridge, Nature's Valley, Garden Route District Municipality, South Africa",-33.9684053302,23.5596902139,15,,,,15,,open,false,,,Orange Emperor,Anax speratus,Orange Emperor,Insecta,94049
180971835,47e99c31-ad87-407a-b772-7ccc02bdca2a,2021/11/13 1:38 PM,2021-11-13,2021-11-13 11:38:00 UTC,Pretoria,6103743,richard_johnstone,Richard Johnstone,2023-08-30 21:14:46 UTC,2023-08-31 11:59:57 UTC,research,CC-BY-NC,https://www.inaturalist.org/observations/180971835,https://inaturalist-open-data.s3.amazonaws.com/photos/315327873/medium.jpeg,,"","",2,0,false,,"Overberg District Municipality, South Africa",-34.3204624965,18.9644765796,415,,,,415,,open,false,,,Orange Emperor,Anax speratus,Orange Emperor,Insecta,94049
184690944,2a7ad405-e5b9-4b4d-94ed-58eed38cdf84,2023/01/09 10:52 AM,2023-01-09,2023-01-09 08:52:00 UTC,Pretoria,6103743,richard_johnstone,Richard Johnstone,2023-09-24 14:04:10 UTC,2023-09-25 13:41:35 UTC,research,CC-BY-NC,https://www.inaturalist.org/observations/184690944,https://inaturalist-open-data.s3.amazonaws.com/photos/322431253/medium.jpeg,,"",,2,0,false,,"Ehlanzeni District Municipality, South Africa",-25.4258294203,31.4477174484,485,,,,485,,open,false,,,Orange Emperor,Anax speratus,Orange Emperor,Insecta,94049
191777193,2b211e4f-945e-4b6b-8a03-9b726092c945,2023/11/18 8:52 AM,2023-11-18,2023-11-18 06:52:00 UTC,Pretoria,3151177,peters5001,Peter Small,2023-11-22 18:26:39 UTC,2023-11-22 20:26:11 UTC,research,CC-BY-NC,https://www.inaturalist.org/observations/191777193,https://inaturalist-open-data.s3.amazonaws.com/photos/336518273/medium.jpg,,"",,2,0,false,,"Ugu District Municipality, South Africa",-30.274138289,30.7372396186,15,,,,15,,open,false,,,Orange Emperor,Anax speratus,Orange Emperor,Insecta,94049
193635114,bc9cb8bd-b15d-4b49-8dbf-5925f23cba6f,2023/11/26 10:50 AM,2023-11-26,2023-11-26 08:50:00 UTC,Pretoria,1667099,hhodgson,Heather and Andrew Hodgson,2023-12-10 20:42:28 UTC,2023-12-11 02:58:00 UTC,research,CC-BY-NC,https://www.inaturalist.org/observations/193635114,https://inaturalist-open-data.s3.amazonaws.com/photos/340172468/medium.jpg,,"",,2,0,false,,"Steenbras Nature Reserve, Cape Town, Western Cape, South Africa",-34.1833414833,18.9442191,,,,,,,open,false,,,Orange Emperor,Anax speratus,Orange Emperor,Insecta,94049
194518236,c263e4a9-7abc-4f68-a197-2ec77aaef8ea,2023/12/20 11:20 AM,2023-12-20,2023-12-20 09:20:00 UTC,Pretoria,6103743,richard_johnstone,Richard Johnstone,2023-12-21 18:02:47 UTC,2023-12-22 14:14:35 UTC,research,CC-BY-NC,https://www.inaturalist.org/observations/194518236,https://inaturalist-open-data.s3.amazonaws.com/photos/341939021/medium.jpeg,,"",,1,0,false,,"Ugu District Municipality, South Africa",-30.7584917176,30.1460873592,2,,,,2,,open,false,,,Orange Emperor,Anax speratus,Orange Emperor,Insecta,94049
194646116,3f374f65-ffcc-4994-894d-6d955df5e7ed,2023/12/11 12:42 PM,2023-12-11,2023-12-11 10:42:00 UTC,Pretoria,2825462,hirons,jean hirons,2023-12-23 11:25:35 UTC,2023-12-23 12:11:47 UTC,research,CC-BY-NC,https://www.inaturalist.org/observations/194646116,https://inaturalist-open-data.s3.amazonaws.com/photos/342196526/medium.jpg,,"",,2,0,false,,"Dieprivier, Garden Route District Municipality, South Africa",-33.931463233,22.7067189239,31,,,,31,,open,false,,,Orange Emperor,Anax speratus,Orange Emperor,Insecta,94049
194723742,e161fb61-7c82-461c-9482-d02564cafcb1,2023/12/19 10:54 AM,2023-12-19,2023-12-19 08:54:00 UTC,Pretoria,2825462,hirons,jean hirons,2023-12-24 08:21:03 UTC,2023-12-24 09:14:28 UTC,research,CC-BY-NC,https://www.inaturalist.org/observations/194723742,https://inaturalist-open-data.s3.amazonaws.com/photos/342354441/medium.jpg,,"",,1,0,false,,"Millwood Stream ,Garden Route District Municipality, South Africa",-33.898058351,22.9911057694,308,,,,308,,open,false,,,Orange Emperor,Anax speratus,Orange Emperor,Insecta,94049
194723795,58e8b708-6619-443c-b7c0-5eb5b7431e85,2023/12/19 1:38 PM,2023-12-19,2023-12-19 11:38:00 UTC,Pretoria,2825462,hirons,jean hirons,2023-12-24 08:21:21 UTC,2023-12-24 09:12:20 UTC,research,CC-BY-NC,https://www.inaturalist.org/observations/194723795,https://inaturalist-open-data.s3.amazonaws.com/photos/342359290/medium.jpg,,"",,1,0,false,,"Jubilee picnic site extension Garden Route District Municipality, South Africa",-33.891156556,22.9649277642,115,,,,115,,open,false,,,Orange Emperor,Anax speratus,Orange Emperor,Insecta,94049
194723799,3097474e-9204-4456-b3d0-7f37b01a88b8,2023/12/19 1:59 PM,2023-12-19,2023-12-19 11:59:00 UTC,Pretoria,2825462,hirons,jean hirons,2023-12-24 08:21:22 UTC,2023-12-24 09:25:35 UTC,research,CC-BY-NC,https://www.inaturalist.org/observations/194723799,https://inaturalist-open-data.s3.amazonaws.com/photos/342359541/medium.jpg,,"",,2,0,false,,"Jubilee picnic site extension Garden Route District Municipality, South Africa",-33.891156556,22.9649277642,115,,,,115,,open,false,,,Orange Emperor,Anax speratus,Orange Emperor,Insecta,94049
195101279,f15ea5f8-b081-4497-8906-7658c890da27,2023/12/28 1:10 AM,2023-12-28,2023-12-27 23:10:00 UTC,Pretoria,5407799,dlindeq,"",2023-12-28 20:11:58 UTC,2024-01-01 20:11:47 UTC,research,CC-BY-NC,https://www.inaturalist.org/observations/195101279,https://inaturalist-open-data.s3.amazonaws.com/photos/343136077/medium.jpeg,,"",,3,0,false,,"Garden Route District Municipality, South Africa",-33.9467893269,22.612408087,4,,,,4,,open,false,,,Orange Emperor,Anax speratus,Orange Emperor,Insecta,94049
197595818,9702d1ad-a140-49a4-9bfb-5264a303da73,2024/01/24 10:23 AM,2024-01-24,2024-01-24 08:23:00 UTC,Pretoria,2825462,hirons,jean hirons,2024-01-26 09:00:25 UTC,2024-01-26 13:12:09 UTC,research,CC-BY-NC,https://www.inaturalist.org/observations/197595818,https://inaturalist-open-data.s3.amazonaws.com/photos/348061796/medium.jpg,,"",,2,0,false,,"Gouna rivier, Knysna, Garden Route District Municipality, South Africa",-33.9908005398,23.0406040005,86,,,,86,,open,false,,,Orange Emperor,Anax speratus,Orange Emperor,Insecta,94049
198206133,cb16e9da-1fbe-4940-bda4-6640876516f2,2024/01/25 10:26 AM,2024-01-25,2024-01-25 08:26:00 UTC,Pretoria,1275622,mdevill,Marienne de Villiers,2024-02-02 12:48:58 UTC,2024-02-05 19:28:11 UTC,research,CC-BY-NC,https://www.inaturalist.org/observations/198206133,https://inaturalist-open-data.s3.amazonaws.com/photos/349290897/medium.jpeg,,"","",2,0,false,,Kaaimans,-33.97056,22.54799,100,,,,100,,open,false,,"",Orange Emperor,Anax speratus,Orange Emperor,Insecta,94049
198207815,f9faf041-c92f-4992-83cb-5574cf2625f5,2024/01/25 1:21 PM,2024-01-25,2024-01-25 11:21:00 UTC,Pretoria,1275622,mdevill,Marienne de Villiers,2024-02-02 13:26:16 UTC,2024-02-02 19:34:58 UTC,research,CC-BY-NC,https://www.inaturalist.org/observations/198207815,https://inaturalist-open-data.s3.amazonaws.com/photos/349294353/medium.jpeg,,"",,2,0,false,,Touws,-33.9465527745,22.6124891894,100,,,,100,,open,false,,,Orange Emperor,Anax speratus,Orange Emperor,Insecta,94049
198787822,cca8f1ab-d7a5-4533-8fce-302c1483bd27,2024/02/06 10:26,2024-02-06,2024-02-06 08:26:00 UTC,Pretoria,2520192,vladimir_onishko,Владимир Онишко,2024-02-09 06:49:19 UTC,2024-05-05 14:03:28 UTC,research,CC-BY-NC,https://www.inaturalist.org/observations/198787822,https://inaturalist-open-data.s3.amazonaws.com/photos/350442634/medium.jpeg,,"",,2,0,false,,"Marloth Park, Южная Африка",-25.3892111111,31.7595833333,53,,,,53,,open,false,,,Anax speratus,Anax speratus,Orange Emperor,Insecta,94049
198787953,e5574fba-9dfb-4c85-ad02-e5f1cf13fdf8,2024/02/06 10:30,2024-02-06,2024-02-06 08:30:00 UTC,Pretoria,2520192,vladimir_onishko,Владимир Онишко,2024-02-09 06:51:18 UTC,2024-02-09 07:09:40 UTC,research,CC-BY-NC,https://www.inaturalist.org/observations/198787953,https://inaturalist-open-data.s3.amazonaws.com/photos/350442866/medium.jpeg,,"",,3,0,false,,"Ehlanzeni, Mpumalanga, South Africa",-25.3891555556,31.7594777778,29,,,,29,,open,false,,,Anax speratus,Anax speratus,Orange Emperor,Insecta,94049
199253687,bd9406d4-a74c-43de-817a-7730f7f6f03d,2024-02-13 13:57:53+02:00,2024-02-13,2024-02-13 11:57:53 UTC,Pretoria,6685442,gerhard_diedericks,Gerhard Diedericks,2024-02-14 04:56:01 UTC,2024-09-21 05:56:51 UTC,research,CC-BY-NC,https://www.inaturalist.org/observations/199253687,https://inaturalist-open-data.s3.amazonaws.com/photos/351362266/medium.jpg,,"","",1,0,false,3,"Thohoyandou, LP, ZA",-22.894505,30.3779916667,4,,,,4,,open,false,,,Orange Emperor,Anax speratus,Orange Emperor,Insecta,94049
199895417,19ab5df3-e106-4778-9804-0715af1ccdd4,2022/11/22 11:35,2022-11-22,2022-11-22 08:35:00 UTC,Riyadh,2559126,martinwaldhauser,Martin Waldhauser,2024-02-20 14:02:16 UTC,2024-09-21 05:56:54 UTC,research,CC-BY-NC,https://www.inaturalist.org/observations/199895417,https://inaturalist-open-data.s3.amazonaws.com/photos/352582477/medium.jpeg,,"",,1,0,false,,Al Azizah Saúdská Arábie,18.2276388889,42.4204052778,,,,,,,open,false,,,Anax speratus,Anax speratus,Orange Emperor,Insecta,94049
200817442,3efeee9f-6310-4710-9508-ced2874b4780,2024/02/05 13:10,2024-02-05,2024-02-05 11:10:00 UTC,Pretoria,2520192,vladimir_onishko,Владимир Онишко,2024-02-29 14:36:47 UTC,2024-02-29 15:31:57 UTC,research,CC-BY-NC,https://www.inaturalist.org/observations/200817442,https://inaturalist-open-data.s3.amazonaws.com/photos/354374764/medium.jpeg,,"",,1,0,false,,"Marloth Park, Южная Африка",-25.3898233829,31.7594855623,2,,,,2,,open,false,,,Anax speratus,Anax speratus,Orange Emperor,Insecta,94049
200817502,8f9e0363-4601-4c08-9bf3-0fe4681defbb,2024/02/05 13:09,2024-02-05,2024-02-05 11:09:00 UTC,Pretoria,2520192,vladimir_onishko,Владимир Онишко,2024-02-29 14:37:30 UTC,2024-02-29 15:31:53 UTC,research,CC-BY-NC,https://www.inaturalist.org/observations/200817502,https://inaturalist-open-data.s3.amazonaws.com/photos/354374850/medium.jpeg,,"",,1,0,false,,"Marloth Park, Южная Африка",-25.3897288124,31.7594046423,2,,,,2,,open,false,,,Anax speratus,Anax speratus,Orange Emperor,Insecta,94049
200817541,d9db8406-2c77-4272-b4e3-31190094a6b7,2024/02/05 13:08,2024-02-05,2024-02-05 11:08:00 UTC,Pretoria,2520192,vladimir_onishko,Владимир Онишко,2024-02-29 14:38:09 UTC,2024-02-29 18:14:31 UTC,research,CC-BY-NC,https://www.inaturalist.org/observations/200817541,https://inaturalist-open-data.s3.amazonaws.com/photos/354374920/medium.jpeg,,"",,1,0,false,,"Marloth Park, Южная Африка",-25.3898613459,31.759477364,2,,,,2,,open,false,,,Anax speratus,Anax speratus,Orange Emperor,Insecta,94049
205137085,8ea041ed-b798-44a0-ab02-4938e7f2fe88,2024/03/31 1:11 PM,2024-03-31,2024-03-31 11:11:00 UTC,Pretoria,7691836,drraath,,2024-04-02 19:58:20 UTC,2024-04-03 07:38:01 UTC,research,CC-BY-NC,https://www.inaturalist.org/observations/205137085,https://inaturalist-open-data.s3.amazonaws.com/photos/362673637/medium.jpeg,,"",,4,0,false,,"Cnr R24 and, R563, Magaliesburg, 1791, South Africa",-25.9719963,27.5377998,193,,,,193,,open,false,,,Orange Emperor,Anax speratus,Orange Emperor,Insecta,94049
213781127,09737d4d-e7dc-4275-b830-4994cd104773,2024/02/18 12:52 PM,2024-02-18,2024-02-18 10:52:00 UTC,Pretoria,140956,markuslilje,markus lilje,2024-05-05 19:39:59 UTC,2024-05-06 10:42:24 UTC,research,CC-BY-NC-ND,https://www.inaturalist.org/observations/213781127,https://inaturalist-open-data.s3.amazonaws.com/photos/377815127/medium.jpeg,,"","",3,0,false,,"Waterberg District Municipality, South Africa",-25.2121832688,28.5648887105,8,,,,8,,open,false,,,Orange Emperor,Anax speratus,Orange Emperor,Insecta,94049
216992582,86d263b8-bfbc-4bbd-a69d-fb50a080c99c,2024/03/16 12:38 PM,2024-03-16,2024-03-16 10:38:00 UTC,Pretoria,140956,markuslilje,markus lilje,2024-05-20 05:40:45 UTC,2024-05-20 10:02:01 UTC,research,CC-BY-NC-ND,https://www.inaturalist.org/observations/216992582,https://inaturalist-open-data.s3.amazonaws.com/photos/383820448/medium.jpeg,,"",,2,0,false,,"Hoekwil, Wilderness, 6538, South Africa",-33.9684268509,22.5966970047,108,,,,108,,open,false,,,Orange Emperor,Anax speratus,Orange Emperor,Insecta,94049
216992611,f1aad95b-de4b-4389-9228-2f068dfb791b,2024/03/16 1:37 PM,2024-03-16,2024-03-16 11:37:00 UTC,Pretoria,140956,markuslilje,markus lilje,2024-05-20 05:40:53 UTC,2024-05-20 10:02:12 UTC,research,CC-BY-NC-ND,https://www.inaturalist.org/observations/216992611,https://inaturalist-open-data.s3.amazonaws.com/photos/383821010/medium.jpeg,,"",,2,0,false,,"Hoekwil, Wilderness, 6538, South Africa",-33.9684268509,22.5966970047,108,,,,108,,open,false,,,Orange Emperor,Anax speratus,Orange Emperor,Insecta,94049
225987220,7d471cba-d3b1-45ac-ad8f-c5acd7db6bdd,2015/12/26 12:52 PM,2015-12-26,2015-12-26 09:52:00 UTC,Nairobi,7731507,gbmalawi,,2024-06-29 18:04:21 UTC,2024-06-29 19:50:21 UTC,research,CC-BY-NC,https://www.inaturalist.org/observations/225987220,https://inaturalist-open-data.s3.amazonaws.com/photos/400714174/medium.jpeg,,"",,1,0,false,,"TA Kuntaja, MW-BL, MW",-15.7796344245,34.9705164477,2,,,,2,,open,false,,,Orange Emperor,Anax speratus,Orange Emperor,Insecta,94049
229983472,a70e1552-369a-4d31-a588-9cce880a3e43,2024/04/24 12:23 PM,2024-04-24,2024-04-24 09:23:00 UTC,Riyadh,3282226,kenny_well,,2024-07-17 21:58:10 UTC,2024-07-17 23:23:23 UTC,research,CC-BY-NC,https://www.inaturalist.org/observations/229983472,https://inaturalist-open-data.s3.amazonaws.com/photos/408293381/medium.jpeg,,"","",1,0,false,,"Khairah Forest Park, Al Bahah, Saudi Arabia",20.0603401676,41.3952840764,2,,,,2,,open,false,,,Orange Emperor,Anax speratus,Orange Emperor,Insecta,94049
232091116,3fb7c72f-96f6-4d8e-a32e-f074f957dff0,2024/07/24 10:27 AM,2024-07-24,2024-07-24 08:27:00 UTC,Pretoria,5945747,pieterkotze,Pieter Kotze,2024-07-27 18:53:29 UTC,2024-10-07 04:37:35 UTC,research,CC-BY-NC,https://www.inaturalist.org/observations/232091116,https://inaturalist-open-data.s3.amazonaws.com/photos/412287877/medium.jpeg,,"",,1,0,false,,"Makuya Park, South Africa",-22.5261311,30.9589496,204,,,,204,,open,false,,,Orange Emperor,Anax speratus,Orange Emperor,Insecta,94049
236152047,bbe51392-3f65-48bf-8678-f23968d6d610,2014/12/11,2014-12-11,,Africa/Mbabane,191332,katebraunsd,Kate Braun,2024-08-16 20:23:21 UTC,2024-08-17 15:29:52 UTC,research,CC-BY-NC,https://www.inaturalist.org/observations/236152047,https://inaturalist-open-data.s3.amazonaws.com/photos/420081461/medium.jpg,,"",OdonataMAP 12031,2,0,false,,"Pine Valley, Plot 202",-26.235049,31.178731,50,,,,50,,open,false,,,Orange Emperor,Anax speratus,Orange Emperor,Insecta,94049
236152052,cf5f786e-ce60-4708-8ff1-2f95cf682916,2015/02/21,2015-02-21,,Africa/Mbabane,191332,katebraunsd,Kate Braun,2024-08-16 20:23:22 UTC,2024-08-17 13:11:58 UTC,research,CC-BY-NC,https://www.inaturalist.org/observations/236152052,https://inaturalist-open-data.s3.amazonaws.com/photos/420081565/medium.jpg,,"",OdonataMAP 12997,2,0,false,,"Pine Valley, Plot 202",-26.235049,31.178731,50,,,,50,,open,false,,,Orange Emperor,Anax speratus,Orange Emperor,Insecta,94049
236152064,abfd35a2-6e10-4c2c-ad3d-c265dffd9937,2021/10/16,2021-10-16,,Africa/Mbabane,191332,katebraunsd,Kate Braun,2024-08-16 20:23:26 UTC,2024-08-17 13:15:52 UTC,research,CC-BY-NC,https://www.inaturalist.org/observations/236152064,https://inaturalist-open-data.s3.amazonaws.com/photos/420081727/medium.jpg,,"",OdonataMAP 116821,2,0,false,,"Pine Valley, Plot 202",-26.235049,31.178731,50,,,,50,,open,false,,,Orange Emperor,Anax speratus,Orange Emperor,Insecta,94049
236549879,5236028f-4378-471b-9dc8-383106091c80,2015/10/18,2015-10-18,,Africa/Mbabane,191332,katebraunsd,Kate Braun,2024-08-18 17:31:56 UTC,2024-08-18 19:26:01 UTC,research,CC-BY-NC,https://www.inaturalist.org/observations/236549879,https://inaturalist-open-data.s3.amazonaws.com/photos/420841517/medium.jpg,,"",OdonataMAP 15741,1,0,false,,"Mbuluzi River, Ejubukweni road",-26.218596358,31.1900833668,30,,,,30,,open,false,,,Orange Emperor,Anax speratus,Orange Emperor,Insecta,94049
236549882,274ebbd0-7778-4636-8907-cbccd21a7e34,2015/10/18,2015-10-18,,Africa/Mbabane,191332,katebraunsd,Kate Braun,2024-08-18 17:31:56 UTC,2024-08-18 19:25:53 UTC,research,CC-BY-NC,https://www.inaturalist.org/observations/236549882,https://inaturalist-open-data.s3.amazonaws.com/photos/420841500/medium.jpg,,"",OdonataMAP 15740,1,0,false,,"Mbuluzi River, Ejubukweni road",-26.218596358,31.1900833668,30,,,,30,,open,false,,,Orange Emperor,Anax speratus,Orange Emperor,Insecta,94049
236681698,aef2ab9b-d55d-4bde-a823-1f27086002ea,2019/04/03,2019-04-03,,Africa/Mbabane,191332,katebraunsd,Kate Braun,2024-08-19 08:28:48 UTC,2024-08-19 11:04:19 UTC,research,CC-BY-NC,https://www.inaturalist.org/observations/236681698,https://inaturalist-open-data.s3.amazonaws.com/photos/421093278/medium.jpg,,"",OdonataMAP 71362,1,0,false,,Mantenga Nature Reserve,-26.4431010837,31.1603093147,100,,,,100,,open,false,,,Orange Emperor,Anax speratus,Orange Emperor,Insecta,94049
237146954,9e9cc339-7aeb-4734-b1cb-29c91780bf9f,2018/02/13,2018-02-13,,Africa/Mbabane,191332,katebraunsd,Kate Braun,2024-08-21 18:35:34 UTC,2024-08-21 19:48:15 UTC,research,CC-BY-NC,https://www.inaturalist.org/observations/237146954,https://inaturalist-open-data.s3.amazonaws.com/photos/421987889/medium.jpg,,"",OdonataMAP 45735,1,0,false,,"Maphalaleni Road, stream crossing",-26.2131470042,31.2440242767,20,,,,20,,open,false,,,Orange Emperor,Anax speratus,Orange Emperor,Insecta,94049
237510816,fef89260-5d9e-4587-9082-136417286f82,2013/12/28,2013-12-28,,Africa/Mbabane,191332,katebraunsd,Kate Braun,2024-08-23 19:09:50 UTC,2024-08-24 00:51:35 UTC,research,CC-BY-NC,https://www.inaturalist.org/observations/237510816,https://inaturalist-open-data.s3.amazonaws.com/photos/422702064/medium.jpg,,"",OdonataMAP 7373,1,0,false,,Mlawula Nature Reserve,-26.18911,31.999689,100,,,,100,,open,false,,,Orange Emperor,Anax speratus,Orange Emperor,Insecta,94049
237705522,cd94e3a8-9a3d-44db-9f90-5113557c8961,2024/08/09,2024-08-09,,Africa/Luanda,6445735,davduf,,2024-08-24 19:29:20 UTC,2024-08-26 05:55:31 UTC,research,CC-BY-NC,https://www.inaturalist.org/observations/237705522,https://inaturalist-open-data.s3.amazonaws.com/photos/423070447/medium.jpeg,,"",,1,0,false,,"Bibala, Angola",-14.8240477141,13.3864444039,1530,,,,1530,,open,false,,,Anax speratus,Anax speratus,Orange Emperor,Insecta,94049
243300831,27f15d2b-b145-4f2c-99b4-ad06c0525fe5,2024-09-22 12:26:39,2024-09-22,2024-09-22 10:26:39 UTC,Pretoria,8596690,thabisa2,thabisa mhlanga,2024-09-22 10:30:48 UTC,2024-09-22 17:45:46 UTC,research,,https://www.inaturalist.org/observations/243300831,https://static.inaturalist.org/photos/433830949/medium.jpeg,,"",Unknown insect,4,0,false,2,"Lupondo, South Africa",-31.29261533,29.82364821,9,,,,9,,open,false,,,Orange Emperor,Anax speratus,Orange Emperor,Insecta,94049
243301114,fdd05771-8f3c-4db1-8e7b-3bcef41ae03f,2024-09-22 12:28:51,2024-09-22,2024-09-22 10:28:51 UTC,Pretoria,8588090,sisanda3,Sisanda Mbhekelwa,2024-09-22 10:33:01 UTC,2024-09-22 17:45:30 UTC,research,,https://www.inaturalist.org/observations/243301114,https://static.inaturalist.org/photos/433844531/medium.jpeg,,"",,2,0,false,2,"KwaMhlane, South Africa",-31.2926633333,29.8243033333,9,,,,9,,open,false,,,Orange Emperor,Anax speratus,Orange Emperor,Insecta,94049
250997176,6f874b64-0003-418e-bf58-c067062e21ee,2024/10/26 10:18 AM,2024-10-26,2024-10-26 08:18:00 UTC,Pretoria,689147,sstanton,sharon stanton,2024-11-09 06:34:04 UTC,2024-11-09 09:52:01 UTC,research,CC-BY-NC,https://www.inaturalist.org/observations/250997176,https://inaturalist-open-data.s3.amazonaws.com/photos/449016866/medium.jpg,,"",,2,0,false,,"Palmiet River Trail, Oudebosch, Kogelberg Nature Reserve, Western Cape Province, South Africa",-34.3188846739,18.963956519,8,,,,8,,open,false,,,Orange Emperor,Anax speratus,Orange Emperor,Insecta,94049
252174258,21aebb04-43da-4229-b624-936896e54588,2016/02/13 10:45 AM,2016-02-13,2016-02-13 08:45:00 UTC,Pretoria,6607669,bernardine2,Bernardine Altenroxel,2024-11-18 17:34:18 UTC,2024-11-18 19:03:53 UTC,research,,https://www.inaturalist.org/observations/252174258,https://static.inaturalist.org/photos/451369530/medium.jpg,,"",,0,0,false,,"Mopani District Municipality, South Africa",-23.6718894039,30.0239902608,8,,,,8,,open,false,,,Orange Emperor,Anax speratus,Orange Emperor,Insecta,94049
252363603,69817cd1-f705-46f4-b393-e5d5e92d87a9,2024/11/16 10:24 AM,2024-11-16,2024-11-16 08:24:00 UTC,Pretoria,3151177,peters5001,Peter Small,2024-11-20 06:59:57 UTC,2024-11-20 13:27:33 UTC,research,CC-BY-NC,https://www.inaturalist.org/observations/252363603,https://inaturalist-open-data.s3.amazonaws.com/photos/451748468/medium.jpg,,"",,2,1,false,,"Mountain Splendour Eco-Resort, Annasrust Farm, D19, Cathkin Park, Winterton, 3340, South Africa",-29.015049,29.461214,672,,,,672,,open,false,,,Orange Emperor,Anax speratus,Orange Emperor,Insecta,94049
252474767,b4474939-be1e-416b-9f73-8def231fbc05,2017/04/03 12:02 PM,2017-04-03,2017-04-03 10:02:00 UTC,Pretoria,3151177,peters5001,Peter Small,2024-11-21 07:36:13 UTC,2024-11-21 09:19:05 UTC,research,CC-BY-NC,https://www.inaturalist.org/observations/252474767,https://inaturalist-open-data.s3.amazonaws.com/photos/451969211/medium.jpg,,"",,0,0,false,,"Amanzimtoti Bird Sanctuary, 61 Umdoni Rd, eManzimtoti, 4126, South Africa",-30.0362647,30.8924734,189,,,,189,,open,false,,,Orange Emperor,Anax speratus,Orange Emperor,Insecta,94049
252474774,2fa12f75-77f1-4616-90f0-2fd8c03e1f98,2017/04/03 12:05 PM,2017-04-03,2017-04-03 10:05:00 UTC,Pretoria,3151177,peters5001,Peter Small,2024-11-21 07:36:15 UTC,2024-11-22 14:30:30 UTC,research,CC-BY-NC,https://www.inaturalist.org/observations/252474774,https://inaturalist-open-data.s3.amazonaws.com/photos/451969212/medium.jpg,,"",,0,0,false,,"Amanzimtoti Bird Sanctuary, 61 Umdoni Rd, eManzimtoti, 4126, South Africa",-30.0362647,30.8924734,189,,,,189,,open,false,,,Orange Emperor,Anax speratus,Orange Emperor,Insecta,94049
252487716,181591fa-6b22-4e4e-a4b0-04852881e9f9,2018/04/05 10:44 AM,2018-04-05,2018-04-05 08:44:00 UTC,Pretoria,3151177,peters5001,Peter Small,2024-11-21 12:05:11 UTC,2024-11-21 12:14:56 UTC,research,CC-BY-NC,https://www.inaturalist.org/observations/252487716,https://inaturalist-open-data.s3.amazonaws.com/photos/451996834/medium.jpg,,"",,0,0,false,,"Amanzimtoti Bird Sanctuary, 61 Umdoni Rd, eManzimtoti, 4126, South Africa",-30.0362647,30.8924734,189,,,,189,,open,false,,,Orange Emperor,Anax speratus,Orange Emperor,Insecta,94049
252590630,34713eaf-df04-4e65-8676-aad32abb40b5,2018/04/07 10:29 AM,2018-04-07,2018-04-07 08:29:00 UTC,Pretoria,3151177,peters5001,Peter Small,2024-11-22 12:40:43 UTC,2024-11-22 16:04:12 UTC,research,CC-BY-NC,https://www.inaturalist.org/observations/252590630,https://inaturalist-open-data.s3.amazonaws.com/photos/452197365/medium.jpg,,"",,3,0,false,,"Amanzimtoti Bird Sanctuary, 61 Umdoni Rd, eManzimtoti, 4126, South Africa",-30.0362647,30.8924734,189,,,,189,,open,false,,,Orange Emperor,Anax speratus,Orange Emperor,Insecta,94049
252879960,9548dca2-5e44-4a05-9d61-bde53dee5e33,2024/11/20 11:49 AM,2024-11-20,2024-11-20 09:49:00 UTC,Pretoria,2197353,cornerautenbach,Corné Rautenbach,2024-11-24 15:14:39 UTC,2024-11-24 15:50:42 UTC,research,CC-BY-NC,https://www.inaturalist.org/observations/252879960,https://inaturalist-open-data.s3.amazonaws.com/photos/452733649/medium.jpeg,,"",,0,0,false,,"West Coast District Municipality, South Africa",-32.4314082441,19.1483063755,581,,,,581,,open,false,,,Orange Emperor,Anax speratus,Orange Emperor,Insecta,94049
253192028,49b99495-7a23-4af1-98ec-f7bcb83cf7af,2018/04/13 11:15 AM,2018-04-13,2018-04-13 09:15:00 UTC,Pretoria,3151177,peters5001,Peter Small,2024-11-26 18:40:56 UTC,2024-11-26 19:49:18 UTC,research,CC-BY-NC,https://www.inaturalist.org/observations/253192028,https://inaturalist-open-data.s3.amazonaws.com/photos/453305876/medium.jpg,,"",,0,0,false,,"Amanzimtoti Bird Sanctuary, 61 Umdoni Rd, eManzimtoti, 4126, South Africa",-30.0362647,30.8924734,189,,,,189,,open,false,,,Orange Emperor,Anax speratus,Orange Emperor,Insecta,94049
253192077,e1227c07-cd10-47f7-88e9-32004a8b68df,2018/04/13 12:37 PM,2018-04-13,2018-04-13 10:37:00 UTC,Pretoria,3151177,peters5001,Peter Small,2024-11-26 18:41:13 UTC,2024-11-26 19:49:02 UTC,research,CC-BY-NC,https://www.inaturalist.org/observations/253192077,https://inaturalist-open-data.s3.amazonaws.com/photos/453305985/medium.jpg,,"",,0,0,false,,"Amanzimtoti Bird Sanctuary, 61 Umdoni Rd, eManzimtoti, 4126, South Africa",-30.0362647,30.8924734,189,,,,189,,open,false,,,Orange Emperor,Anax speratus,Orange Emperor,Insecta,94049
253386469,de8049e7-7066-4f86-ae40-62bd595efc99,2024/11/26 10:46 AM,2024-11-26,2024-11-26 08:46:00 UTC,Africa/Mbabane,191332,katebraunsd,Kate Braun,2024-11-28 10:11:32 UTC,2024-11-28 11:20:29 UTC,research,CC-BY-NC,https://www.inaturalist.org/observations/253386469,https://inaturalist-open-data.s3.amazonaws.com/photos/453685910/medium.jpg,,"",,1,0,false,,Makhelwane,-26.2727096896,31.1865172825,20,,,,20,,open,false,,,Orange Emperor,Anax speratus,Orange Emperor,Insecta,94049
253484677,6ecf35d4-ff42-4464-a416-8801b2b7cf26,2018/02/18 10:40 AM,2018-02-18,2018-02-18 08:40:00 UTC,Pretoria,3151177,peters5001,Peter Small,2024-11-29 06:41:47 UTC,2024-11-29 10:29:51 UTC,research,CC-BY-NC,https://www.inaturalist.org/observations/253484677,https://inaturalist-open-data.s3.amazonaws.com/photos/453886918/medium.jpg,,"",,0,0,false,,"Amanzimtoti Bird Sanctuary, 61 Umdoni Rd, eManzimtoti, 4126, South Africa",-30.0362647,30.8924734,189,,,,189,,open,false,,,Orange Emperor,Anax speratus,Orange Emperor,Insecta,94049
253485166,02c3cab3-a57c-4062-bdde-cfb714f83f49,2017/03/18 11:57 AM,2017-03-18,2017-03-18 09:57:00 UTC,Pretoria,3151177,peters5001,Peter Small,2024-11-29 06:51:07 UTC,2024-11-29 10:29:44 UTC,research,CC-BY-NC,https://www.inaturalist.org/observations/253485166,https://inaturalist-open-data.s3.amazonaws.com/photos/453888091/medium.jpg,,"",,0,0,false,,"Amanzimtoti Bird Sanctuary, 61 Umdoni Rd, eManzimtoti, 4126, South Africa",-30.0362647,30.8924734,189,,,,189,,open,false,,,Orange Emperor,Anax speratus,Orange Emperor,Insecta,94049
253626956,344769e3-9b06-48a1-bc5f-5a5d195dc8ef,2016/03/12 1:58 PM,2016-03-12,2016-03-12 11:58:00 UTC,Pretoria,2197353,cornerautenbach,Corné Rautenbach,2024-11-30 14:18:39 UTC,2024-11-30 15:29:07 UTC,research,CC-BY-NC,https://www.inaturalist.org/observations/253626956,https://inaturalist-open-data.s3.amazonaws.com/photos/454171462/medium.jpeg,,"",,0,0,false,,"Nwanedi Dam, South Africa",-22.6349155,30.3986248,1375,,,,1375,,open,false,,,Orange Emperor,Anax speratus,Orange Emperor,Insecta,94049
253627503,5c323890-e5a7-49be-80a4-29bcfc582897,2016/03/12 3:27 PM,2016-03-12,2016-03-12 13:27:00 UTC,Pretoria,2197353,cornerautenbach,Corné Rautenbach,2024-11-30 14:25:36 UTC,2024-11-30 16:40:10 UTC,research,CC-BY-NC,https://www.inaturalist.org/observations/253627503,https://inaturalist-open-data.s3.amazonaws.com/photos/454172696/medium.jpeg,,"",,1,0,false,,"Nwanedi Dam, South Africa",-22.6349155,30.3986248,1375,,,,1375,,open,false,,,Orange Emperor,Anax speratus,Orange Emperor,Insecta,94049
253778891,22d77459-e3c3-4289-96b2-1819b06ff3f6,2021/04/19 10:38 AM,2021-04-19,2021-04-19 08:38:00 UTC,Pretoria,3151177,peters5001,Peter Small,2024-12-01 18:21:23 UTC,2024-12-01 20:15:25 UTC,research,CC-BY-NC,https://www.inaturalist.org/observations/253778891,https://inaturalist-open-data.s3.amazonaws.com/photos/454467912/medium.jpg,,"",,0,0,false,,"Amanzimtoti Bird Sanctuary, 61 Umdoni Rd, eManzimtoti, 4126, South Africa",-30.0362647,30.8924734,189,,,,189,,open,false,,,Orange Emperor,Anax speratus,Orange Emperor,Insecta,94049
253870526,24b5fea5-14f0-42fa-aece-38b636c58dff,2018/03/21 10:14 AM,2018-03-21,2018-03-21 08:14:00 UTC,Pretoria,3151177,peters5001,Peter Small,2024-12-02 13:11:33 UTC,2024-12-02 15:39:58 UTC,research,CC-BY-NC,https://www.inaturalist.org/observations/253870526,https://inaturalist-open-data.s3.amazonaws.com/photos/454650550/medium.jpg,,"",,1,0,false,,"Amanzimtoti Bird Sanctuary, 61 Umdoni Rd, eManzimtoti, 4126, South Africa",-30.0362647,30.8924734,189,,,,189,,open,false,,,Orange Emperor,Anax speratus,Orange Emperor,Insecta,94049
253871871,12d04ef4-1dc6-4d9c-8d16-25e01bc9f4be,2018/04/21 10:19 AM,2018-04-21,2018-04-21 08:19:00 UTC,Pretoria,3151177,peters5001,Peter Small,2024-12-02 13:33:50 UTC,2024-12-02 14:14:21 UTC,research,CC-BY-NC,https://www.inaturalist.org/observations/253871871,https://inaturalist-open-data.s3.amazonaws.com/photos/454652736/medium.jpg,,"",,1,0,false,,"Amanzimtoti Bird Sanctuary, 61 Umdoni Rd, eManzimtoti, 4126, South Africa",-30.0362647,30.8924734,189,,,,189,,open,false,,,Orange Emperor,Anax speratus,Orange Emperor,Insecta,94049
253871886,718798c1-74d8-4a85-951e-97e673110d33,2018/04/21 10:51 AM,2018-04-21,2018-04-21 08:51:00 UTC,Pretoria,3151177,peters5001,Peter Small,2024-12-02 13:33:56 UTC,2024-12-02 14:05:21 UTC,research,CC-BY-NC,https://www.inaturalist.org/observations/253871886,https://inaturalist-open-data.s3.amazonaws.com/photos/454652781/medium.jpg,,"",,0,0,false,,"Amanzimtoti Bird Sanctuary, 61 Umdoni Rd, eManzimtoti, 4126, South Africa",-30.0362647,30.8924734,189,,,,189,,open,false,,,Orange Emperor,Anax speratus,Orange Emperor,Insecta,94049
254214506,b68fe38f-2dbc-4ba3-ad2d-59b16d930416,2017/11/26 10:30 AM,2017-11-26,2017-11-26 08:30:00 UTC,Pretoria,3151177,peters5001,Peter Small,2024-12-05 16:15:41 UTC,2024-12-05 19:45:44 UTC,research,CC-BY-NC,https://www.inaturalist.org/observations/254214506,https://inaturalist-open-data.s3.amazonaws.com/photos/455295244/medium.jpg,,"",,0,0,false,,"Amanzimtoti Bird Sanctuary, 61 Umdoni Rd, eManzimtoti, 4126, South Africa",-30.0362647,30.8924734,189,,,,189,,open,false,,,Orange Emperor,Anax speratus,Orange Emperor,Insecta,94049
254214509,ac1ddfe6-1258-49ac-8166-18faa9c04f36,2017/11/26 10:35 AM,2017-11-26,2017-11-26 08:35:00 UTC,Pretoria,3151177,peters5001,Peter Small,2024-12-05 16:15:42 UTC,2024-12-05 16:23:07 UTC,research,CC-BY-NC,https://www.inaturalist.org/observations/254214509,https://inaturalist-open-data.s3.amazonaws.com/photos/455295257/medium.jpg,,"",,0,0,false,,"Amanzimtoti Bird Sanctuary, 61 Umdoni Rd, eManzimtoti, 4126, South Africa",-30.0362647,30.8924734,189,,,,189,,open,false,,,Orange Emperor,Anax speratus,Orange Emperor,Insecta,94049
254224141,65bb5a75-9407-4450-b7fe-8220a09d6453,2018/03/27 10:30 AM,2018-03-27,2018-03-27 08:30:00 UTC,Pretoria,3151177,peters5001,Peter Small,2024-12-05 18:11:36 UTC,2024-12-05 19:26:54 UTC,research,CC-BY-NC,https://www.inaturalist.org/observations/254224141,https://inaturalist-open-data.s3.amazonaws.com/photos/455314792/medium.jpg,,"",,0,0,false,,"Amanzimtoti Bird Sanctuary, 61 Umdoni Rd, eManzimtoti, 4126, South Africa",-30.0362647,30.8924734,189,,,,189,,open,false,,,Orange Emperor,Anax speratus,Orange Emperor,Insecta,94049
254615260,60e301c5-3d1b-412f-9484-8e3536fa40ca,2024-12-09 09:26:56,2024-12-09,2024-12-09 07:26:56 UTC,Pretoria,2828456,julesips,Julian,2024-12-09 11:35:26 UTC,2024-12-26 07:52:40 UTC,research,CC-BY-NC,https://www.inaturalist.org/observations/254615260,https://inaturalist-open-data.s3.amazonaws.com/photos/456102032/medium.jpeg,,"",Laying eggs ,1,0,false,2,"Wilderness Heights, Wilderness, 6560, South Africa",-33.9851201838,22.5855973363,1440,,,,1440,,open,false,,,Orange Emperor,Anax speratus,Orange Emperor,Insecta,94049
254616173,ae3e90fa-3124-4e4e-adaf-0e65203f86e9,2024-12-08 13:53:35+02:00,2024-12-08,2024-12-08 11:53:35 UTC,Pretoria,6553744,hellosunbirds,,2024-12-09 11:52:48 UTC,2024-12-12 10:44:06 UTC,research,CC-BY-NC,https://www.inaturalist.org/observations/254616173,https://inaturalist-open-data.s3.amazonaws.com/photos/456103590/medium.jpg,,"","",3,0,false,3,"Vhembe, Kruger National Park, ZA-NP, ZA",-22.691895,31.0172416667,4,,,,4,,open,false,,,Orange Emperor,Anax speratus,Orange Emperor,Insecta,94049
254653969,4a1596b6-df10-4ad9-84f7-f70246815a89,2024/11/14 1:49 PM,2024-11-14,2024-11-14 11:49:00 UTC,Pretoria,6103743,richard_johnstone,Richard Johnstone,2024-12-09 20:36:32 UTC,2024-12-09 20:44:05 UTC,research,CC-BY-NC,https://www.inaturalist.org/observations/254653969,https://inaturalist-open-data.s3.amazonaws.com/photos/456174469/medium.jpeg,,"",,0,0,false,,"Overberg District Municipality, South Africa",-34.3195255949,18.9640910529,466,,,,466,,open,false,,,Orange Emperor,Anax speratus,Orange Emperor,Insecta,94049
254816083,8acf1dbd-d792-47b4-a217-30d6a232ac03,2024/11/20 11:54 AM,2024-11-20,2024-11-20 09:54:00 UTC,Pretoria,6103743,richard_johnstone,Richard Johnstone,2024-12-11 15:27:19 UTC,2024-12-11 16:06:27 UTC,research,CC-BY-NC,https://www.inaturalist.org/observations/254816083,https://inaturalist-open-data.s3.amazonaws.com/photos/456507863/medium.jpeg,,"",,0,0,false,,"West Coast District Municipality, South Africa",-32.431459515,19.1484060339,24,,,,24,,open,false,,,Orange Emperor,Anax speratus,Orange Emperor,Insecta,94049
255054040,f040d5de-9a51-4bdc-af3a-32b16d5e2c1b,2024/12/13 10:44 AM,2024-12-13,2024-12-13 08:44:00 UTC,Pretoria,7682,nicky,Nicola van Berkel,2024-12-14 07:39:01 UTC,2024-12-14 10:18:07 UTC,research,CC-BY,https://www.inaturalist.org/observations/255054040,https://inaturalist-open-data.s3.amazonaws.com/photos/456988987/medium.jpeg,,"","",1,0,false,,"Woodville Big Tree, Garden Route District Municipality, South Africa",-33.92462,22.6469316667,2,,,,2,,open,false,,,Orange Emperor,Anax speratus,Orange Emperor,Insecta,94049
256364759,3beef3c3-d07c-4fa2-8168-a948398cf4d0,2024/12/12 10:32 AM,2024-12-12,2024-12-12 08:32:00 UTC,Pretoria,1275622,mdevill,Marienne de Villiers,2024-12-27 10:40:48 UTC,2024-12-27 11:27:58 UTC,research,CC-BY-NC,https://www.inaturalist.org/observations/256364759,https://inaturalist-open-data.s3.amazonaws.com/photos/459630299/medium.jpeg,,"",,0,0,false,,Gamka survey Boskloof,-33.7273,21.5065,300,,,,300,,open,false,,,Orange Emperor,Anax speratus,Orange Emperor,Insecta,94049
256659530,53a1c40e-39c8-4786-a26c-3b9eca0081fb,2020/01/15 10:51 AM,2020-01-15,2020-01-15 08:51:00 UTC,Pretoria,2524114,luc_p,Luc Pegram,2024-12-29 18:57:22 UTC,2024-12-29 19:31:29 UTC,research,CC-BY-NC,https://www.inaturalist.org/observations/256659530,https://inaturalist-open-data.s3.amazonaws.com/photos/460224071/medium.jpeg,,"",,0,0,false,,"Betty's Bay, 7141, South Africa",-34.3374500193,18.9423585604,24,,,,24,,open,false,,,Orange Emperor,Anax speratus,Orange Emperor,Insecta,94049
257026273,a98fb915-7fa4-4797-adea-b656b778d75e,2025/01/01 1:04 PM,2025-01-01,2025-01-01 11:04:00 UTC,Pretoria,8240198,ml12s,,2025-01-01 18:29:42 UTC,2025-01-01 19:24:21 UTC,research,CC-BY-NC,https://www.inaturalist.org/observations/257026273,https://inaturalist-open-data.s3.amazonaws.com/photos/460982531/medium.jpeg,,"",,1,0,false,,"Garden Route District Municipality, South Africa",-33.9366066435,22.5213724807,8,,,,8,,open,false,,,Orange Emperor,Anax speratus,Orange Emperor,Insecta,94049
258155103,90cfddd1-5b67-4594-ac5c-79e2f0cbda2d,2017/03/04 2:20 PM,2017-03-04,2017-03-04 12:20:00 UTC,Pretoria,3151177,peters5001,Peter Small,2025-01-11 17:50:12 UTC,2025-01-11 18:10:07 UTC,research,CC-BY-NC,https://www.inaturalist.org/observations/258155103,https://inaturalist-open-data.s3.amazonaws.com/photos/463128472/medium.jpg,,"",,0,0,false,,"Amanzimtoti Bird Sanctuary, 61 Umdoni Rd, eManzimtoti, 4126, South Africa",-30.0362647,30.8924734,189,,,,189,,open,false,,,Orange Emperor,Anax speratus,Orange Emperor,Insecta,94049
258646268,11080f45-cab8-4077-9028-c7dbd6822076,2025/01/14 9:34 AM,2025-01-14,2025-01-14 07:34:00 UTC,Pretoria,4545668,richardmckibbin,Richard McKibbin,2025-01-16 12:41:08 UTC,2025-01-16 12:47:07 UTC,research,CC-BY-NC,https://www.inaturalist.org/observations/258646268,https://inaturalist-open-data.s3.amazonaws.com/photos/464108331/medium.jpeg,,"",,0,0,false,,"eThekwini, KwaZulu-Natal, South Africa",-29.7291017,31.0476935997,,,,,,,open,false,,,Orange Emperor,Anax speratus,Orange Emperor,Insecta,94049
258669261,41f1e243-4ca5-4f13-981a-4b141e9b5b0a,2016/01/18 5:24 PM,2016-01-18,2016-01-18 15:24:00 UTC,Pretoria,3151177,peters5001,Peter Small,2025-01-16 18:16:34 UTC,2025-01-16 20:13:23 UTC,research,CC-BY-NC,https://www.inaturalist.org/observations/258669261,https://inaturalist-open-data.s3.amazonaws.com/photos/464154226/medium.jpg,,"",,0,0,false,,"Amanzimtoti Bird Sanctuary, 61 Umdoni Rd, eManzimtoti, 4126, South Africa",-30.0362647,30.8924734,189,,,,189,,open,false,,,Orange Emperor,Anax speratus,Orange Emperor,Insecta,94049
258743148,2ea50423-759a-48ab-a485-52bb4f06d7f6,2016/03/23 11:24 AM,2016-03-23,2016-03-23 09:24:00 UTC,Pretoria,3151177,peters5001,Peter Small,2025-01-17 14:45:02 UTC,2025-01-17 14:46:55 UTC,research,CC-BY-NC,https://www.inaturalist.org/observations/258743148,https://inaturalist-open-data.s3.amazonaws.com/photos/464305814/medium.jpg,,"",,0,0,false,,"Amanzimtoti Bird Sanctuary, 61 Umdoni Rd, eManzimtoti, 4126, South Africa",-30.0362647,30.8924734,189,,,,189,,open,false,,,Orange Emperor,Anax speratus,Orange Emperor,Insecta,94049
258747444,33f1d11e-3e05-4db3-b2d1-c6261f9f6239,2017/02/25 11:22 AM,2017-02-25,2017-02-25 09:22:00 UTC,Pretoria,3151177,peters5001,Peter Small,2025-01-17 15:42:04 UTC,2025-01-17 16:44:31 UTC,research,CC-BY-NC,https://www.inaturalist.org/observations/258747444,https://inaturalist-open-data.s3.amazonaws.com/photos/464313935/medium.jpg,,"",,0,0,false,,"Amanzimtoti Bird Sanctuary, 61 Umdoni Rd, eManzimtoti, 4126, South Africa",-30.0362647,30.8924734,189,,,,189,,open,false,,,Orange Emperor,Anax speratus,Orange Emperor,Insecta,94049
258918643,e1465665-f3b9-4e60-98a8-9595e96fc22e,2017/01/29 10:28 AM,2017-01-29,2017-01-29 08:28:00 UTC,Pretoria,3151177,peters5001,Peter Small,2025-01-19 06:53:48 UTC,2025-01-19 08:55:24 UTC,research,CC-BY-NC,https://www.inaturalist.org/observations/258918643,https://inaturalist-open-data.s3.amazonaws.com/photos/464661225/medium.jpg,,"",,1,0,false,,"Amanzimtoti Bird Sanctuary, 61 Umdoni Rd, eManzimtoti, 4126, South Africa",-30.0362647,30.8924734,189,,,,189,,open,false,,,Orange Emperor,Anax speratus,Orange Emperor,Insecta,94049
259642728,c8d717d9-60b2-440b-91fa-92d8eba3b01f,2025/01/25 10:41 AM,2025-01-25,2025-01-25 08:41:00 UTC,Pretoria,689147,sstanton,sharon stanton,2025-01-26 13:20:47 UTC,2025-01-26 14:58:42 UTC,research,CC-BY-NC,https://www.inaturalist.org/observations/259642728,https://inaturalist-open-data.s3.amazonaws.com/photos/466128494/medium.jpg,,"",,0,0,false,,"Kogelberg Nature Reserve, Western Cape, South Africa",-34.319006799,18.9639126685,8,,,,8,,open,false,,,Orange Emperor,Anax speratus,Orange Emperor,Insecta,94049
261269995,6127287d-c742-411a-9002-d2e05b48b640,2025/01/14 2:23 PM,2025-01-14,2025-01-14 12:23:00 UTC,Pretoria,6382532,trish-strachan,"",2025-02-10 18:59:26 UTC,2025-02-10 18:59:59 UTC,research,,https://www.inaturalist.org/observations/261269995,https://static.inaturalist.org/photos/469353451/medium.jpeg,,"",,0,0,false,,"Sabie, South Africa",-25.10564794,30.7827300278,1953,,,,1953,,open,false,,,Orange Emperor,Anax speratus,Orange Emperor,Insecta,94049
261466564,86f224db-8fa0-44dd-af63-bc18ee14b192,2025/01/26 1:32 PM,2025-01-26,2025-01-26 11:32:00 UTC,Pretoria,6382532,trish-strachan,"",2025-02-12 19:09:19 UTC,2025-02-12 19:19:04 UTC,research,,https://www.inaturalist.org/observations/261466564,https://static.inaturalist.org/photos/469741706/medium.jpeg,,"","Sorry for ??? photo
",0,0,false,,"Nwanedzi, South Africa",-22.6314058204,30.3993674399,122,,,,122,,open,false,,,Orange Emperor,Anax speratus,Orange Emperor,Insecta,94049
261573194,6ffc50a2-afea-4e4f-a0ad-d27bcdb05593,2025/01/09 12:44 PM,2025-01-09,2025-01-09 10:44:00 UTC,Pretoria,2770770,wneser,Walter Neser,2025-02-13 22:09:05 UTC,2025-02-14 12:43:19 UTC,research,CC-BY-NC,https://www.inaturalist.org/observations/261573194,https://inaturalist-open-data.s3.amazonaws.com/photos/469953987/medium.jpg,,"Anax speratus, Daragonfly",,3,0,false,,"Overberg District Municipality, South Africa",-34.3178284533,18.9638063867,,,,,,,open,false,,,Orange Emperor,Anax speratus,Orange Emperor,Insecta,94049
261624790,f250f6ff-fe92-46ea-9763-ec26b2a2d004,2025/01/18 3:46 PM,2025-01-18,2025-01-18 13:46:00 UTC,Pretoria,2197353,cornerautenbach,Corné Rautenbach,2025-02-14 13:42:21 UTC,2025-02-20 19:24:01 UTC,research,CC-BY-NC,https://www.inaturalist.org/observations/261624790,https://inaturalist-open-data.s3.amazonaws.com/photos/470059336/medium.jpeg,,"",,3,0,false,,"Ehlanzeni District Municipality, South Africa",-25.3568929469,30.5238540317,15,,,,15,,open,false,,,Orange Emperor,Anax speratus,Orange Emperor,Insecta,94049
263171309,9d263175-7d1a-43a3-b584-6ab1cf404db5,2025-02-26 14:14:21,2025-02-26,2025-02-26 12:14:21 UTC,Harare,2629943,spidermandan,Dan Lee,2025-02-26 16:46:37 UTC,2025-02-26 23:03:22 UTC,research,CC0,https://www.inaturalist.org/observations/263171309,https://inaturalist-open-data.s3.amazonaws.com/photos/472736118/medium.jpeg,,"",,0,0,false,2,"Emerald Hill, Harare, Zimbabwe",-17.7753620784,31.0255659744,30,,,,30,,open,false,gps,gps,Orange Emperor,Anax speratus,Orange Emperor,Insecta,94049
